[{"pk": 1, "model": "survey.paper", "fields": {"code": "paper-template-test01", "description": "\u95ee\u5377\u62f7\u8d1d\u7684\u6d4b\u8bd5\u7528\u4f8b\u7684\u6570\u636e(\u4e0d\u80fd\u5220\u9664\u548c\u4fee\u6539)", "title": "\u7f51\u8d2d\u5ba2\u6237\u6ee1\u610f\u5ea6\u8c03\u67e5", "type": "T", "lookBack": true, "paging": true, "createBy": 1, "survey": null, "modifyTime": "2014-08-15T17:02:51", "questionNumStyle": "(1)(2)(3)", "inOrder": false, "createTime": "2014-05-21T10:25:55", "modifyBy": 1}}, {"pk": 2, "model": "survey.paper", "fields": {"code": "paper-template-test02", "description": "\u51c0\u63a8\u8350\u503c\uff08NPS\uff09\u53c8\u79f0\u51c0\u4fc3\u8fdb\u8005\u5f97\u5206\uff0c\u662f\u4e00\u79cd\u8ba1\u91cf\u67d0\u4e2a\u5ba2\u6237\u5c06\u4f1a\u5411\u5176\u4ed6\u4eba\u63a8\u8350\u67d0\u4e2a\u4f01\u4e1a\u6216\u670d\u52a1\u53ef\u80fd\u6027\u7684\u6307\u6570\u3002\u5b83\u662f\u6700\u6d41\u884c\u7684\u987e\u5ba2\u5fe0\u8bda\u5ea6\u5206\u6790\u6307\u6807\uff0c\u4e13\u6ce8\u4e8e\u987e\u5ba2\u53e3\u7891\u5982\u4f55\u5f71\u54cd\u4f01\u4e1a\u6210\u957f\u3002\u901a\u8fc7\u5bc6\u5207\u8ddf\u8e2a\u51c0\u63a8\u8350\u503c\uff0c\u4f01\u4e1a\u53ef\u4ee5\u8ba9\u81ea\u5df1\u66f4\u52a0\u6210\u529f\u3002", "title": "\u51c0\u63a8\u4ecb\u503c\u8c03\u67e5", "type": "T", "lookBack": false, "paging": true, "createBy": 3, "survey": null, "modifyTime": "2014-08-15T16:16:26", "questionNumStyle": "123", "inOrder": false, "createTime": "2014-08-15T16:16:02", "modifyBy": 3}}, {"pk": 3, "model": "survey.paper", "fields": {"code": null, "description": "\u76d6\u6d1b\u666eQ12\u6d4b\u8bc4\u6cd5\u5c31\u662f\u9488\u5bf9\u524d\u5bfc\u6307\u6807\u4e2d\u5458\u5de5\u656c\u4e1a\u5ea6\u548c\u5de5\u4f5c\u73af\u5883\u7684\u6d4b\u91cf,\u8bf7\u60a8\u636e\u5b9e\u56de\u7b54\u4ee5\u4e0b\u95ee\u9898\uff0c\u611f\u8c22\u60a8\u7684\u53c2\u4e0e\uff01", "title": "\u76d6\u666e\u6d1bQ12\u5458\u5de5\u6ee1\u610f\u5ea6\u8c03\u67e5\u95ee\u5377", "type": "T", "lookBack": false, "paging": true, "createBy": 3, "survey": null, "modifyTime": "2014-08-15T16:18:40.359", "questionNumStyle": "123", "inOrder": false, "createTime": "2014-08-15T16:17:58.796", "modifyBy": 3}}, {"pk": 4, "model": "survey.paper", "fields": {"code": null, "description": "\u6388\u8bfe\u8001\u5e08\uff1a            \uff1b\u8bfe\u7a0b\u540d\u79f0\uff1a             \uff1b\u73ed\u7ea7\uff1a                \uff1b\u8bf4\u660e\uff1a\u5b66\u5458\u7684\u610f\u89c1\u5bf9\u4fc3\u8fdb\u6559\u5e08\u63d0\u9ad8\u6559\u5b66\u6c34\u5e73\u3001\u6539\u8fdb\u8bfe\u7a0b\u6559\u5b66\u5177\u6709\u79ef\u6781\u4f5c\u7528\uff01\u6211\u4eec\u5c06\u5bf9\u6bcf\u95e8\u8bfe\u90fd\u8fdb\u884c\u8bc4\u5206\uff0c\u5e0c\u671b\u60a8\u5982\u5b9e\u586b\u5199\u95ee\u5377\uff0c\u611f\u8c22\u60a8\u7684\u652f\u6301\u548c\u5408\u4f5c\uff01", "title": "\u5317\u90ae\u2014\u91cc\u6602\u5168\u7403EMBA\u6559\u5b66\u8d28\u91cf\u8bc4\u4ef7\u8c03\u67e5", "type": "T", "lookBack": false, "paging": true, "createBy": 3, "survey": null, "modifyTime": "2014-08-15T16:24:04.015", "questionNumStyle": "123", "inOrder": false, "createTime": "2014-08-15T16:23:52.937", "modifyBy": 3}}, {"pk": 5, "model": "survey.paper", "fields": {"code": "paper-instance-test01", "description": "\u95ee\u5377\u62f7\u8d1d\u7684\u6d4b\u8bd5\u7528\u4f8b\u7684\u6570\u636e(\u4e0d\u80fd\u5220\u9664\u548c\u4fee\u6539)", "title": "\u7f51\u8d2d\u5ba2\u6237\u6ee1\u610f\u5ea6\u8c03\u67e5", "type": "I", "lookBack": true, "paging": true, "createBy": 1, "survey": 1, "modifyTime": "2014-08-18T19:14:22", "questionNumStyle": "(1)(2)(3)", "inOrder": false, "createTime": "2014-08-18T19:14:22", "modifyBy": 1}}, {"pk": 6, "model": "survey.paper", "fields": {"code": "paper-instance-test02", "description": "\u51c0\u63a8\u8350\u503c\uff08NPS\uff09\u53c8\u79f0\u51c0\u4fc3\u8fdb\u8005\u5f97\u5206\uff0c\u662f\u4e00\u79cd\u8ba1\u91cf\u67d0\u4e2a\u5ba2\u6237\u5c06\u4f1a\u5411\u5176\u4ed6\u4eba\u63a8\u8350\u67d0\u4e2a\u4f01\u4e1a\u6216\u670d\u52a1\u53ef\u80fd\u6027\u7684\u6307\u6570\u3002\u5b83\u662f\u6700\u6d41\u884c\u7684\u987e\u5ba2\u5fe0\u8bda\u5ea6\u5206\u6790\u6307\u6807\uff0c\u4e13\u6ce8\u4e8e\u987e\u5ba2\u53e3\u7891\u5982\u4f55\u5f71\u54cd\u4f01\u4e1a\u6210\u957f\u3002\u901a\u8fc7\u5bc6\u5207\u8ddf\u8e2a\u51c0\u63a8\u8350\u503c\uff0c\u4f01\u4e1a\u53ef\u4ee5\u8ba9\u81ea\u5df1\u66f4\u52a0\u6210\u529f\u3002", "title": "\u51c0\u63a8\u4ecb\u503c\u8c03\u67e5", "type": "I", "lookBack": false, "paging": true, "createBy": 3, "survey": 2, "modifyTime": "2014-08-18T19:14:53", "questionNumStyle": "123", "inOrder": false, "createTime": "2014-08-18T19:14:53", "modifyBy": 3}}, {"pk": 7, "model": "survey.paper", "fields": {"code": "paper-instance-test03", "description": "\u95ee\u5377\u62f7\u8d1d\u7684\u6d4b\u8bd5\u7528\u4f8b\u7684\u6570\u636e(\u4e0d\u80fd\u5220\u9664\u548c\u4fee\u6539)", "title": "\u7f51\u8d2d\u5ba2\u6237\u6ee1\u610f\u5ea6\u8c03\u67e5", "type": "I", "lookBack": true, "paging": true, "createBy": 1, "survey": 3, "modifyTime": "2014-09-01T14:46:35", "questionNumStyle": "(1)(2)(3)", "inOrder": false, "createTime": "2014-09-01T14:46:35", "modifyBy": 1}}, {"pk": 1, "model": "survey.question", "fields": {"valueMin": 0.0, "branchNumStyle": "ABC", "createBy": 1, "modifyBy": 1, "text": "\u60a8\u5e73\u65f6\u662f\u5426\u5728\u7f51\u4e0a\u8d2d\u7f51\uff1f", "contentLength": 0, "confused": false, "paper": 1, "modifyTime": "2014-07-02T10:30:19.812", "ord": 0, "nextQuestion": null, "type": "Single", "createTime": "2014-05-21T10:31:32", "valueMax": 10.0}}, {"pk": 2, "model": "survey.question", "fields": {"valueMin": 0.0, "branchNumStyle": "ABC", "createBy": 1, "modifyBy": 1, "text": "\u60a8\u6700\u5e38\u53bb\u7684\u8d2d\u7269\u7f51\u7ad9\u662f\uff1f", "contentLength": 0, "confused": false, "paper": 1, "modifyTime": "2014-07-02T10:22:27.890", "ord": 1, "nextQuestion": null, "type": "Single", "createTime": "2014-05-21T10:38:23", "valueMax": 10.0}}, {"pk": 3, "model": "survey.question", "fields": {"valueMin": 0.0, "branchNumStyle": "ABC", "createBy": 1, "modifyBy": 1, "text": "\u60a8\u89c9\u5f97\u4eac\u4e1c\u7684\u90a3\u4e9b\u670d\u52a1\u505a\u7684\u6dd8\u5b9d\u597d\uff1f", "contentLength": 0, "confused": false, "paper": 1, "modifyTime": "2014-06-27T11:04:55.406", "ord": 2, "nextQuestion": null, "type": "Single", "createTime": "2014-05-21T10:39:42", "valueMax": 10.0}}, {"pk": 4, "model": "survey.question", "fields": {"valueMin": 0.0, "branchNumStyle": "ABC", "createBy": 1, "modifyBy": 1, "text": "\u60a8\u89c9\u5f97\u5f53\u5f53\u7684\u90a3\u4e9b\u670d\u52a1\u505a\u7684\u6dd8\u5b9d\u597d\uff1f", "contentLength": 0, "confused": false, "paper": 1, "modifyTime": "2014-07-02T09:35:18.296", "ord": 3, "nextQuestion": null, "type": "Single", "createTime": "2014-05-21T10:40:29", "valueMax": 10.0}}, {"pk": 5, "model": "survey.question", "fields": {"valueMin": 0.0, "branchNumStyle": "ABC", "createBy": 6, "modifyBy": 6, "text": "", "contentLength": 0, "confused": false, "paper": null, "modifyTime": "2014-05-21T15:32:06", "ord": 101, "nextQuestion": null, "type": "EndValid", "createTime": "2014-05-21T15:32:06", "valueMax": 10.0}}, {"pk": 6, "model": "survey.question", "fields": {"valueMin": 0.0, "branchNumStyle": "ABC", "createBy": 6, "modifyBy": 6, "text": "", "contentLength": 0, "confused": false, "paper": null, "modifyTime": "2014-05-21T15:33:19", "ord": 102, "nextQuestion": null, "type": "EndInvalid", "createTime": "2014-05-21T15:33:18", "valueMax": 10.0}}, {"pk": 7, "model": "survey.question", "fields": {"valueMin": 0.0, "branchNumStyle": "ABC", "createBy": 3, "modifyBy": 3, "text": "\u4f60\u5411\u670b\u53cb\u6216\u540c\u4e8b\u63a8\u4ecb*******\u4ea7\u54c1\u7684\u53ef\u80fd\u6027\u6709\u591a\u5927\uff1f", "contentLength": 0, "confused": false, "paper": 2, "modifyTime": "2014-08-15T16:16:56.703", "ord": 0, "nextQuestion": null, "type": "Single", "createTime": "2014-08-15T16:16:28.125", "valueMax": 10.0}}, {"pk": 8, "model": "survey.question", "fields": {"valueMin": 0.0, "branchNumStyle": "ABC", "createBy": 3, "modifyBy": 3, "text": "\u6211\u77e5\u9053\u516c\u53f8\u5bf9\u6211\u7684\u5de5\u4f5c\u8981\u6c42", "contentLength": 0, "confused": false, "paper": 3, "modifyTime": "2014-08-15T16:18:46.406", "ord": 0, "nextQuestion": null, "type": "Single", "createTime": "2014-08-15T16:18:41.671", "valueMax": 10.0}}, {"pk": 9, "model": "survey.question", "fields": {"valueMin": 0.0, "branchNumStyle": "ABC", "createBy": 3, "modifyBy": 3, "text": "\u6211\u6709\u505a\u597d\u6211\u7684\u5de5\u4f5c\u6240\u9700\u8981\u7684\u6750\u6599\u548c\u8bbe\u5907", "contentLength": 0, "confused": false, "paper": 3, "modifyTime": "2014-08-15T16:19:40.484", "ord": 1, "nextQuestion": null, "type": "Single", "createTime": "2014-08-15T16:19:16.296", "valueMax": 10.0}}, {"pk": 10, "model": "survey.question", "fields": {"valueMin": 0.0, "branchNumStyle": "ABC", "createBy": 3, "modifyBy": 3, "text": "\u5728\u5de5\u4f5c\u4e2d\uff0c\u6211\u6bcf\u5929\u90fd\u6709\u673a\u4f1a\u505a\u6211\u6700\u64c5\u957f\u505a\u7684\u4e8b", "contentLength": 0, "confused": false, "paper": 3, "modifyTime": "2014-08-15T16:20:50.484", "ord": 2, "nextQuestion": null, "type": "Single", "createTime": "2014-08-15T16:20:36.812", "valueMax": 10.0}}, {"pk": 11, "model": "survey.question", "fields": {"valueMin": 0.0, "branchNumStyle": "ABC", "createBy": 3, "modifyBy": 3, "text": "\u5728\u8fc7\u53bb\u7684\u4e03\u5929\u91cc\uff0c\u6211\u56e0\u5de5\u4f5c\u51fa\u8272\u53d7\u5230\u8868\u626c", "contentLength": 0, "confused": false, "paper": 3, "modifyTime": "2014-08-15T16:21:12.531", "ord": 3, "nextQuestion": null, "type": "Single", "createTime": "2014-08-15T16:20:59.312", "valueMax": 10.0}}, {"pk": 12, "model": "survey.question", "fields": {"valueMin": 0.0, "branchNumStyle": "ABC", "createBy": 3, "modifyBy": 3, "text": "\u6211\u89c9\u5f97\u6211\u7684\u4e3b\u7ba1\u6216\u540c\u4e8b\u5173\u5fc3\u6211\u7684\u4e2a\u4eba\u60c5\u51b5 ", "contentLength": 0, "confused": false, "paper": 3, "modifyTime": "2014-08-15T16:21:29.671", "ord": 4, "nextQuestion": null, "type": "Single", "createTime": "2014-08-15T16:21:20.484", "valueMax": 10.0}}, {"pk": 13, "model": "survey.question", "fields": {"valueMin": 0.0, "branchNumStyle": "ABC", "createBy": 3, "modifyBy": 3, "text": "\u5de5\u4f5c\u5355\u4f4d\u6709\u4eba\u9f13\u52b1\u6211\u7684\u53d1\u5c55", "contentLength": 0, "confused": false, "paper": 3, "modifyTime": "2014-08-15T16:21:40.968", "ord": 5, "nextQuestion": null, "type": "Single", "createTime": "2014-08-15T16:21:31.234", "valueMax": 10.0}}, {"pk": 14, "model": "survey.question", "fields": {"valueMin": 0.0, "branchNumStyle": "ABC", "createBy": 3, "modifyBy": 3, "text": "\u5728\u5de5\u4f5c\u4e2d\uff0c\u6211\u89c9\u5f97\u6211\u7684\u610f\u89c1\u53d7\u5230\u91cd\u89c6", "contentLength": 0, "confused": false, "paper": 3, "modifyTime": "2014-08-15T16:21:51.593", "ord": 6, "nextQuestion": null, "type": "Single", "createTime": "2014-08-15T16:21:42.640", "valueMax": 10.0}}, {"pk": 15, "model": "survey.question", "fields": {"valueMin": 0.0, "branchNumStyle": "ABC", "createBy": 3, "modifyBy": 3, "text": "\u516c\u53f8\u7684\u4f7f\u547d/\u76ee\u6807\u4f7f\u6211\u89c9\u5f97\u6211\u7684\u5de5\u4f5c\u5f88\u91cd\u8981", "contentLength": 0, "confused": false, "paper": 3, "modifyTime": "2014-08-15T16:22:00.468", "ord": 7, "nextQuestion": null, "type": "Single", "createTime": "2014-08-15T16:21:52.890", "valueMax": 10.0}}, {"pk": 16, "model": "survey.question", "fields": {"valueMin": 0.0, "branchNumStyle": "ABC", "createBy": 3, "modifyBy": 3, "text": "\u6211\u7684\u540c\u4e8b\u4eec\u81f4\u529b\u4e8e\u9ad8\u8d28\u91cf\u7684\u5de5\u4f5c", "contentLength": 0, "confused": false, "paper": 3, "modifyTime": "2014-08-15T16:22:11", "ord": 8, "nextQuestion": null, "type": "Single", "createTime": "2014-08-15T16:22:01.859", "valueMax": 10.0}}, {"pk": 17, "model": "survey.question", "fields": {"valueMin": 0.0, "branchNumStyle": "ABC", "createBy": 3, "modifyBy": 3, "text": "\u6211\u5728\u5de5\u4f5c\u5355\u4f4d\u6709\u4e00\u4e2a\u6700\u8981\u597d\u7684\u670b\u53cb", "contentLength": 0, "confused": false, "paper": 3, "modifyTime": "2014-08-15T16:22:21.640", "ord": 9, "nextQuestion": null, "type": "Single", "createTime": "2014-08-15T16:22:12.234", "valueMax": 10.0}}, {"pk": 18, "model": "survey.question", "fields": {"valueMin": 0.0, "branchNumStyle": "ABC", "createBy": 3, "modifyBy": 3, "text": "\u5728\u8fc7\u53bb\u7684\u516d\u4e2a\u6708\u5185\uff0c\u5de5\u4f5c\u5355\u4f4d\u6709\u4eba\u548c\u6211\u8c08\u53ca\u6211\u7684\u8fdb\u6b65 ", "contentLength": 0, "confused": false, "paper": 3, "modifyTime": "2014-08-15T16:22:30.281", "ord": 10, "nextQuestion": null, "type": "Single", "createTime": "2014-08-15T16:22:22.812", "valueMax": 10.0}}, {"pk": 19, "model": "survey.question", "fields": {"valueMin": 0.0, "branchNumStyle": "ABC", "createBy": 3, "modifyBy": 3, "text": "\u8fc7\u53bb\u4e00\u5e74\u91cc\uff0c\u6211\u5728\u5de5\u4f5c\u4e2d\u6709\u673a\u4f1a\u5b66\u4e60\u548c\u6210\u957f", "contentLength": 0, "confused": false, "paper": 3, "modifyTime": "2014-08-15T16:22:41.421", "ord": 11, "nextQuestion": null, "type": "Single", "createTime": "2014-08-15T16:22:31.718", "valueMax": 10.0}}, {"pk": 20, "model": "survey.question", "fields": {"valueMin": 0.0, "branchNumStyle": "ABC", "createBy": 3, "modifyBy": 3, "text": "\u8bf7\u60a8\u9009\u62e9\u9002\u5f53\u7684\u5173\u4e8e\u201c\u6559\u5b66\u6001\u5ea6\u201d\u7684\u63cf\u8ff0\uff1a", "contentLength": 0, "confused": false, "paper": 4, "modifyTime": "2014-08-15T16:24:16.078", "ord": 0, "nextQuestion": null, "type": "Single", "createTime": "2014-08-15T16:24:05.734", "valueMax": 10.0}}, {"pk": 21, "model": "survey.question", "fields": {"valueMin": 0.0, "branchNumStyle": "ABC", "createBy": 3, "modifyBy": 3, "text": "\u8bf7\u60a8\u9009\u62e9\u9002\u5f53\u7684\u5173\u4e8e\u201c\u6559\u5b66\u6c34\u5e73\u201d\u7684\u63cf\u8ff0\uff1a", "contentLength": 0, "confused": false, "paper": 4, "modifyTime": "2014-08-15T16:24:56.234", "ord": 1, "nextQuestion": null, "type": "Single", "createTime": "2014-08-15T16:24:45.625", "valueMax": 10.0}}, {"pk": 22, "model": "survey.question", "fields": {"valueMin": 0.0, "branchNumStyle": "ABC", "createBy": 3, "modifyBy": 3, "text": "\u8bf7\u60a8\u9009\u62e9\u9002\u5f53\u7684\u5173\u4e8e\u201c\u6559\u5b66\u65b9\u6cd5\u201d\u7684\u63cf\u8ff0\uff1a", "contentLength": 0, "confused": false, "paper": 4, "modifyTime": "2014-08-15T16:25:30.578", "ord": 2, "nextQuestion": null, "type": "Single", "createTime": "2014-08-15T16:25:19.562", "valueMax": 10.0}}, {"pk": 23, "model": "survey.question", "fields": {"valueMin": 0.0, "branchNumStyle": "ABC", "createBy": 3, "modifyBy": 3, "text": "\u8bf7\u60a8\u9009\u62e9\u9002\u5f53\u7684\u5173\u4e8e\u201c\u91cd\u70b9\u548c\u96be\u70b9\u8bb2\u89e3\u201d\u7684\u63cf\u8ff0\uff1a", "contentLength": 0, "confused": false, "paper": 4, "modifyTime": "2014-08-15T16:26:02.640", "ord": 3, "nextQuestion": null, "type": "Single", "createTime": "2014-08-15T16:25:53.218", "valueMax": 10.0}}, {"pk": 24, "model": "survey.question", "fields": {"valueMin": 0.0, "branchNumStyle": "ABC", "createBy": 3, "modifyBy": 3, "text": "\u8bf7\u60a8\u9009\u62e9\u9002\u5f53\u7684\u5173\u4e8e\u201c\u6848\u4f8b\u6559\u5b66\u4e0e\u6559\u5b66\u5b9e\u8df5\u201d\u7684\u63cf\u8ff0\uff1a", "contentLength": 0, "confused": false, "paper": 4, "modifyTime": "2014-08-15T16:27:28.750", "ord": 4, "nextQuestion": null, "type": "Single", "createTime": "2014-08-15T16:26:26.187", "valueMax": 10.0}}, {"pk": 25, "model": "survey.question", "fields": {"valueMin": 0.0, "branchNumStyle": "ABC", "createBy": 1, "modifyBy": 1, "text": "\u60a8\u5e73\u65f6\u662f\u5426\u5728\u7f51\u4e0a\u8d2d\u7f51\uff1f", "contentLength": 0, "confused": false, "paper": 5, "modifyTime": "2014-08-18T19:14:22.676", "ord": 0, "nextQuestion": null, "type": "Single", "createTime": "2014-08-18T19:14:22.676", "valueMax": 10.0}}, {"pk": 26, "model": "survey.question", "fields": {"valueMin": 0.0, "branchNumStyle": "ABC", "createBy": 1, "modifyBy": 1, "text": "\u60a8\u6700\u5e38\u53bb\u7684\u8d2d\u7269\u7f51\u7ad9\u662f\uff1f", "contentLength": 0, "confused": false, "paper": 5, "modifyTime": "2014-08-18T19:14:22.686", "ord": 1, "nextQuestion": null, "type": "Single", "createTime": "2014-08-18T19:14:22.686", "valueMax": 10.0}}, {"pk": 27, "model": "survey.question", "fields": {"valueMin": 0.0, "branchNumStyle": "ABC", "createBy": 1, "modifyBy": 1, "text": "\u60a8\u89c9\u5f97\u4eac\u4e1c\u7684\u90a3\u4e9b\u670d\u52a1\u505a\u7684\u6dd8\u5b9d\u597d\uff1f", "contentLength": 0, "confused": false, "paper": 5, "modifyTime": "2014-08-18T19:14:22.693", "ord": 2, "nextQuestion": null, "type": "Single", "createTime": "2014-08-18T19:14:22.693", "valueMax": 10.0}}, {"pk": 28, "model": "survey.question", "fields": {"valueMin": 0.0, "branchNumStyle": "ABC", "createBy": 1, "modifyBy": 1, "text": "\u60a8\u89c9\u5f97\u5f53\u5f53\u7684\u90a3\u4e9b\u670d\u52a1\u505a\u7684\u6dd8\u5b9d\u597d\uff1f", "contentLength": 0, "confused": false, "paper": 5, "modifyTime": "2014-08-18T19:14:22.698", "ord": 3, "nextQuestion": null, "type": "Single", "createTime": "2014-08-18T19:14:22.698", "valueMax": 10.0}}, {"pk": 29, "model": "survey.question", "fields": {"valueMin": 0.0, "branchNumStyle": "ABC", "createBy": 3, "modifyBy": 3, "text": "\u4f60\u5411\u670b\u53cb\u6216\u540c\u4e8b\u63a8\u4ecb*******\u4ea7\u54c1\u7684\u53ef\u80fd\u6027\u6709\u591a\u5927\uff1f", "contentLength": 0, "confused": false, "paper": 6, "modifyTime": "2014-08-18T19:14:53.820", "ord": 0, "nextQuestion": null, "type": "Single", "createTime": "2014-08-18T19:14:53.820", "valueMax": 10.0}}, {"pk": 30, "model": "survey.question", "fields": {"valueMin": 0.0, "branchNumStyle": "ABC", "createBy": 1, "modifyBy": 1, "text": "\u60a8\u5e73\u65f6\u662f\u5426\u5728\u7f51\u4e0a\u8d2d\u7f51\uff1f", "contentLength": 0, "confused": false, "paper": 7, "modifyTime": "2014-09-01T14:46:35.046", "ord": 0, "nextQuestion": null, "type": "Single", "createTime": "2014-09-01T14:46:35.046", "valueMax": 10.0}}, {"pk": 31, "model": "survey.question", "fields": {"valueMin": 0.0, "branchNumStyle": "ABC", "createBy": 1, "modifyBy": 1, "text": "\u60a8\u6700\u5e38\u53bb\u7684\u8d2d\u7269\u7f51\u7ad9\u662f\uff1f", "contentLength": 0, "confused": false, "paper": 7, "modifyTime": "2014-09-01T14:46:35.062", "ord": 1, "nextQuestion": null, "type": "Single", "createTime": "2014-09-01T14:46:35.062", "valueMax": 10.0}}, {"pk": 32, "model": "survey.question", "fields": {"valueMin": 0.0, "branchNumStyle": "ABC", "createBy": 1, "modifyBy": 1, "text": "\u60a8\u89c9\u5f97\u4eac\u4e1c\u7684\u90a3\u4e9b\u670d\u52a1\u505a\u7684\u6dd8\u5b9d\u597d\uff1f", "contentLength": 0, "confused": false, "paper": 7, "modifyTime": "2014-09-01T14:46:35.078", "ord": 2, "nextQuestion": null, "type": "Single", "createTime": "2014-09-01T14:46:35.078", "valueMax": 10.0}}, {"pk": 33, "model": "survey.question", "fields": {"valueMin": 0.0, "branchNumStyle": "ABC", "createBy": 1, "modifyBy": 1, "text": "\u60a8\u89c9\u5f97\u5f53\u5f53\u7684\u90a3\u4e9b\u670d\u52a1\u505a\u7684\u6dd8\u5b9d\u597d\uff1f", "contentLength": 0, "confused": false, "paper": 7, "modifyTime": "2014-09-01T14:46:35.093", "ord": 3, "nextQuestion": null, "type": "Single", "createTime": "2014-09-01T14:46:35.093", "valueMax": 10.0}}, {"pk": 1, "model": "survey.questioncatalog", "fields": {"code": "SystemPredefined", "name": "\u7cfb\u7edf\u9884\u5b9a\u4e49", "parent": null, "createBy": 6, "modifyTime": "2014-07-26T08:29:23", "ord": 0, "createTime": "2014-07-26T08:29:23", "modifyBy": 6}}, {"pk": 1, "model": "survey.questioncatalogquestion", "fields": {"createBy": 6, "modifyBy": 6, "question": 5, "modifyTime": "2014-07-26T08:38:40", "ord": 0, "createTime": "2014-07-26T08:38:40", "questionCatalog": 1}}, {"pk": 2, "model": "survey.questioncatalogquestion", "fields": {"createBy": 6, "modifyBy": 6, "question": 6, "modifyTime": "2014-07-26T08:39:12", "ord": 0, "createTime": "2014-07-26T08:39:12", "questionCatalog": 1}}, {"pk": 3, "model": "survey.branch", "fields": {"createBy": 1, "modifyBy": 1, "text": "\u6dd8\u5b9d", "question": 2, "modifyTime": "2014-08-15T16:56:34.125", "ord": 0, "createTime": "2014-05-21T16:29:40", "nextQuestion": 5}}, {"pk": 4, "model": "survey.branch", "fields": {"createBy": 1, "modifyBy": 1, "text": "\u4eac\u4e1c", "question": 2, "modifyTime": "2014-08-15T16:56:38.468", "ord": 1, "createTime": "2014-05-21T16:31:25", "nextQuestion": 3}}, {"pk": 5, "model": "survey.branch", "fields": {"createBy": 1, "modifyBy": 1, "text": "\u5f53\u5f53", "question": 2, "modifyTime": "2014-08-15T16:56:40.390", "ord": 2, "createTime": "2014-05-21T16:54:23", "nextQuestion": 4}}, {"pk": 7, "model": "survey.branch", "fields": {"createBy": 1, "modifyBy": 1, "text": "\u7269\u54c1\u4e30\u5bcc", "question": 3, "modifyTime": "2014-08-15T16:56:45.406", "ord": 0, "createTime": "2014-05-21T16:54:23", "nextQuestion": 5}}, {"pk": 8, "model": "survey.branch", "fields": {"createBy": 1, "modifyBy": 1, "text": "\u7269\u6d41\u901f\u5ea6", "question": 3, "modifyTime": "2014-08-15T16:56:46.734", "ord": 1, "createTime": "2014-05-21T16:54:23", "nextQuestion": 5}}, {"pk": 9, "model": "survey.branch", "fields": {"createBy": 1, "modifyBy": 1, "text": "\u5728\u7ebf\u5ba2\u670d", "question": 3, "modifyTime": "2014-08-15T16:56:48.406", "ord": 2, "createTime": "2014-05-21T16:54:23", "nextQuestion": 5}}, {"pk": 10, "model": "survey.branch", "fields": {"createBy": 1, "modifyBy": 1, "text": "\u7269\u54c1\u4e30\u5bcc", "question": 4, "modifyTime": "2014-08-15T16:57:20.250", "ord": 0, "createTime": "2014-05-21T16:54:23", "nextQuestion": 5}}, {"pk": 11, "model": "survey.branch", "fields": {"createBy": 1, "modifyBy": 1, "text": "\u7269\u6d41\u901f\u5ea6", "question": 4, "modifyTime": "2014-08-15T16:56:52.078", "ord": 1, "createTime": "2014-05-21T16:54:23", "nextQuestion": 5}}, {"pk": 12, "model": "survey.branch", "fields": {"createBy": 1, "modifyBy": 1, "text": "\u5728\u7ebf\u5ba2\u670d", "question": 4, "modifyTime": "2014-08-15T16:56:53.437", "ord": 2, "createTime": "2014-05-21T16:54:23", "nextQuestion": 5}}, {"pk": 13, "model": "survey.branch", "fields": {"createBy": 1, "modifyBy": 1, "text": "\u662f", "question": 1, "modifyTime": "2014-08-15T16:55:50.921", "ord": 0, "createTime": "2014-06-22T21:16:52.771", "nextQuestion": null}}, {"pk": 14, "model": "survey.branch", "fields": {"createBy": 1, "modifyBy": 1, "text": "\u5426", "question": 1, "modifyTime": "2014-08-15T16:56:05.265", "ord": 1, "createTime": "2014-06-22T21:16:54.598", "nextQuestion": 6}}, {"pk": 290, "model": "survey.branch", "fields": {"createBy": 3, "modifyBy": 3, "text": "10", "question": 7, "modifyTime": "2014-08-15T16:17:21", "ord": 0, "createTime": "2014-08-15T16:16:28.281", "nextQuestion": null}}, {"pk": 291, "model": "survey.branch", "fields": {"createBy": 3, "modifyBy": 3, "text": "9", "question": 7, "modifyTime": "2014-08-15T16:17:22.609", "ord": 1, "createTime": "2014-08-15T16:16:28.437", "nextQuestion": null}}, {"pk": 292, "model": "survey.branch", "fields": {"createBy": 3, "modifyBy": 3, "text": "8", "question": 7, "modifyTime": "2014-08-15T16:17:23.968", "ord": 2, "createTime": "2014-08-15T16:16:56.765", "nextQuestion": null}}, {"pk": 293, "model": "survey.branch", "fields": {"createBy": 3, "modifyBy": 3, "text": "7", "question": 7, "modifyTime": "2014-08-15T16:17:25.625", "ord": 3, "createTime": "2014-08-15T16:16:58.625", "nextQuestion": null}}, {"pk": 294, "model": "survey.branch", "fields": {"createBy": 3, "modifyBy": 3, "text": "6", "question": 7, "modifyTime": "2014-08-15T16:17:27.218", "ord": 4, "createTime": "2014-08-15T16:17:00.078", "nextQuestion": null}}, {"pk": 295, "model": "survey.branch", "fields": {"createBy": 3, "modifyBy": 3, "text": "5", "question": 7, "modifyTime": "2014-08-15T16:17:27.843", "ord": 5, "createTime": "2014-08-15T16:17:01.468", "nextQuestion": null}}, {"pk": 296, "model": "survey.branch", "fields": {"createBy": 3, "modifyBy": 3, "text": "4", "question": 7, "modifyTime": "2014-08-15T16:17:29.562", "ord": 6, "createTime": "2014-08-15T16:17:03.734", "nextQuestion": null}}, {"pk": 297, "model": "survey.branch", "fields": {"createBy": 3, "modifyBy": 3, "text": "3", "question": 7, "modifyTime": "2014-08-15T16:17:30.796", "ord": 7, "createTime": "2014-08-15T16:17:09.343", "nextQuestion": null}}, {"pk": 298, "model": "survey.branch", "fields": {"createBy": 3, "modifyBy": 3, "text": "2", "question": 7, "modifyTime": "2014-08-15T16:17:32.312", "ord": 8, "createTime": "2014-08-15T16:17:10.546", "nextQuestion": null}}, {"pk": 299, "model": "survey.branch", "fields": {"createBy": 3, "modifyBy": 3, "text": "1", "question": 7, "modifyTime": "2014-08-15T16:17:33.281", "ord": 9, "createTime": "2014-08-15T16:17:12.359", "nextQuestion": null}}, {"pk": 300, "model": "survey.branch", "fields": {"createBy": 3, "modifyBy": 3, "text": "0", "question": 7, "modifyTime": "2014-08-15T16:17:35.203", "ord": 10, "createTime": "2014-08-15T16:17:14.218", "nextQuestion": null}}, {"pk": 301, "model": "survey.branch", "fields": {"createBy": 3, "modifyBy": 3, "text": "\u662f", "question": 8, "modifyTime": "2014-08-15T16:19:00.484", "ord": 0, "createTime": "2014-08-15T16:18:42.046", "nextQuestion": null}}, {"pk": 302, "model": "survey.branch", "fields": {"createBy": 3, "modifyBy": 3, "text": "\u4e0d\u662f", "question": 8, "modifyTime": "2014-08-15T16:18:58.859", "ord": 1, "createTime": "2014-08-15T16:18:42.187", "nextQuestion": null}}, {"pk": 303, "model": "survey.branch", "fields": {"createBy": 3, "modifyBy": 3, "text": "\u662f", "question": 9, "modifyTime": "2014-08-15T16:19:46.859", "ord": 0, "createTime": "2014-08-15T16:19:16.453", "nextQuestion": null}}, {"pk": 304, "model": "survey.branch", "fields": {"createBy": 3, "modifyBy": 3, "text": "\u4e0d\u662f", "question": 9, "modifyTime": "2014-08-15T16:19:47.718", "ord": 1, "createTime": "2014-08-15T16:19:16.593", "nextQuestion": null}}, {"pk": 305, "model": "survey.branch", "fields": {"createBy": 3, "modifyBy": 3, "text": "\u662f", "question": 10, "modifyTime": "2014-08-15T16:20:54.656", "ord": 0, "createTime": "2014-08-15T16:20:36.968", "nextQuestion": null}}, {"pk": 306, "model": "survey.branch", "fields": {"createBy": 3, "modifyBy": 3, "text": "\u4e0d\u662f", "question": 10, "modifyTime": "2014-08-15T16:20:55.828", "ord": 1, "createTime": "2014-08-15T16:20:37.109", "nextQuestion": null}}, {"pk": 307, "model": "survey.branch", "fields": {"createBy": 3, "modifyBy": 3, "text": "\u662f", "question": 11, "modifyTime": "2014-08-15T16:21:13.375", "ord": 0, "createTime": "2014-08-15T16:20:59.468", "nextQuestion": null}}, {"pk": 308, "model": "survey.branch", "fields": {"createBy": 3, "modifyBy": 3, "text": "\u4e0d\u662f", "question": 11, "modifyTime": "2014-08-15T16:21:17.203", "ord": 1, "createTime": "2014-08-15T16:20:59.640", "nextQuestion": null}}, {"pk": 309, "model": "survey.branch", "fields": {"createBy": 3, "modifyBy": 3, "text": "\u662f", "question": 12, "modifyTime": "2014-08-15T16:22:52.171", "ord": 0, "createTime": "2014-08-15T16:21:20.625", "nextQuestion": null}}, {"pk": 310, "model": "survey.branch", "fields": {"createBy": 3, "modifyBy": 3, "text": "\u4e0d\u662f", "question": 12, "modifyTime": "2014-08-15T16:23:12.734", "ord": 1, "createTime": "2014-08-15T16:21:20.781", "nextQuestion": null}}, {"pk": 311, "model": "survey.branch", "fields": {"createBy": 3, "modifyBy": 3, "text": "\u662f", "question": 13, "modifyTime": "2014-08-15T16:22:53.718", "ord": 0, "createTime": "2014-08-15T16:21:31.359", "nextQuestion": null}}, {"pk": 312, "model": "survey.branch", "fields": {"createBy": 3, "modifyBy": 3, "text": "\u4e0d\u662f", "question": 13, "modifyTime": "2014-08-15T16:23:14.406", "ord": 1, "createTime": "2014-08-15T16:21:31.484", "nextQuestion": null}}, {"pk": 313, "model": "survey.branch", "fields": {"createBy": 3, "modifyBy": 3, "text": "\u662f", "question": 14, "modifyTime": "2014-08-15T16:22:55.093", "ord": 0, "createTime": "2014-08-15T16:21:42.828", "nextQuestion": null}}, {"pk": 314, "model": "survey.branch", "fields": {"createBy": 3, "modifyBy": 3, "text": "\u4e0d\u662f", "question": 14, "modifyTime": "2014-08-15T16:23:15.921", "ord": 1, "createTime": "2014-08-15T16:21:42.968", "nextQuestion": null}}, {"pk": 315, "model": "survey.branch", "fields": {"createBy": 3, "modifyBy": 3, "text": "\u662f", "question": 15, "modifyTime": "2014-08-15T16:22:56.734", "ord": 0, "createTime": "2014-08-15T16:21:53.031", "nextQuestion": null}}, {"pk": 316, "model": "survey.branch", "fields": {"createBy": 3, "modifyBy": 3, "text": "\u4e0d\u662f", "question": 15, "modifyTime": "2014-08-15T16:23:17.515", "ord": 1, "createTime": "2014-08-15T16:21:53.171", "nextQuestion": null}}, {"pk": 317, "model": "survey.branch", "fields": {"createBy": 3, "modifyBy": 3, "text": "\u662f", "question": 16, "modifyTime": "2014-08-15T16:22:59.703", "ord": 0, "createTime": "2014-08-15T16:22:02.203", "nextQuestion": null}}, {"pk": 318, "model": "survey.branch", "fields": {"createBy": 3, "modifyBy": 3, "text": "\u4e0d\u662f", "question": 16, "modifyTime": "2014-08-15T16:23:19.218", "ord": 1, "createTime": "2014-08-15T16:22:02.343", "nextQuestion": null}}, {"pk": 319, "model": "survey.branch", "fields": {"createBy": 3, "modifyBy": 3, "text": "\u662f", "question": 17, "modifyTime": "2014-08-15T16:23:01.250", "ord": 0, "createTime": "2014-08-15T16:22:12.359", "nextQuestion": null}}, {"pk": 320, "model": "survey.branch", "fields": {"createBy": 3, "modifyBy": 3, "text": "\u4e0d\u662f", "question": 17, "modifyTime": "2014-08-15T16:23:21.156", "ord": 1, "createTime": "2014-08-15T16:22:12.500", "nextQuestion": null}}, {"pk": 321, "model": "survey.branch", "fields": {"createBy": 3, "modifyBy": 3, "text": "\u662f", "question": 18, "modifyTime": "2014-08-15T16:23:02.828", "ord": 0, "createTime": "2014-08-15T16:22:22.937", "nextQuestion": null}}, {"pk": 322, "model": "survey.branch", "fields": {"createBy": 3, "modifyBy": 3, "text": "\u4e0d\u662f", "question": 18, "modifyTime": "2014-08-15T16:23:22.625", "ord": 1, "createTime": "2014-08-15T16:22:23.078", "nextQuestion": null}}, {"pk": 323, "model": "survey.branch", "fields": {"createBy": 3, "modifyBy": 3, "text": "\u662f", "question": 19, "modifyTime": "2014-08-15T16:23:09.437", "ord": 0, "createTime": "2014-08-15T16:22:32", "nextQuestion": null}}, {"pk": 324, "model": "survey.branch", "fields": {"createBy": 3, "modifyBy": 3, "text": "\u4e0d\u662f", "question": 19, "modifyTime": "2014-08-15T16:23:44.406", "ord": 1, "createTime": "2014-08-15T16:22:32.125", "nextQuestion": null}}, {"pk": 325, "model": "survey.branch", "fields": {"createBy": 3, "modifyBy": 3, "text": "\u6559\u5b66\u6001\u5ea6\u5f88\u8ba4\u771f\uff0c\u5907\u8bfe\u5145\u5206\uff0c\u80fd\u63d0\u4f9b\u5145\u5206\u7684\u53c2\u8003\u4e66\u76ee\u3002", "question": 20, "modifyTime": "2014-08-15T16:24:25.765", "ord": 0, "createTime": "2014-08-15T16:24:05.984", "nextQuestion": null}}, {"pk": 326, "model": "survey.branch", "fields": {"createBy": 3, "modifyBy": 3, "text": "\u6559\u5b66\u6001\u5ea6\u8f83\u8ba4\u771f\uff0c\u5907\u8bfe\u5145\u5206\uff0c\u80fd\u63d0\u4f9b\u8f83\u5145\u5206\u7684\u53c2\u8003\u4e66\u76ee\u3002", "question": 20, "modifyTime": "2014-08-15T16:24:27.843", "ord": 1, "createTime": "2014-08-15T16:24:06.140", "nextQuestion": null}}, {"pk": 327, "model": "survey.branch", "fields": {"createBy": 3, "modifyBy": 3, "text": "\u6559\u5b66\u6001\u5ea6\u8f83\u8ba4\u771f\uff0c\u5907\u8bfe\u8f83\u5145\u5206\uff0c\u80fd\u63d0\u4f9b\u4e00\u5b9a\u7684\u53c2\u8003\u4e66\u76ee\u3002", "question": 20, "modifyTime": "2014-08-15T16:24:40.406", "ord": 2, "createTime": "2014-08-15T16:24:27.921", "nextQuestion": null}}, {"pk": 328, "model": "survey.branch", "fields": {"createBy": 3, "modifyBy": 3, "text": "\u6559\u5b66\u6001\u5ea6\u4e0d\u8ba4\u771f\uff0c\u4e0a\u8bfe\u65e0\u6559\u5b66\u5927\u7eb2\uff0c\u4e0d\u63d0\u4f9b\u53c2\u8003\u4e66\u76ee\u3002", "question": 20, "modifyTime": "2014-08-15T16:24:41.765", "ord": 3, "createTime": "2014-08-15T16:24:31.312", "nextQuestion": null}}, {"pk": 329, "model": "survey.branch", "fields": {"createBy": 3, "modifyBy": 3, "text": "\u6709\u5f88\u9ad8\u7684\u7406\u8bba\u6c34\u5e73\uff0c\u80fd\u53ca\u65f6\u53cd\u6620\u5b66\u79d1\u524d\u6cbf\u52a8\u6001\u3002", "question": 21, "modifyTime": "2014-08-15T16:25:01.328", "ord": 0, "createTime": "2014-08-15T16:24:45.765", "nextQuestion": null}}, {"pk": 330, "model": "survey.branch", "fields": {"createBy": 3, "modifyBy": 3, "text": "\u6709\u8f83\u9ad8\u7684\u7406\u8bba\u6c34\u5e73\uff0c\u8f83\u53ca\u65f6\u53cd\u6620\u5b66\u79d1\u524d\u6cbf\u52a8\u6001\u3002", "question": 21, "modifyTime": "2014-08-15T16:25:02.812", "ord": 1, "createTime": "2014-08-15T16:24:45.906", "nextQuestion": null}}, {"pk": 331, "model": "survey.branch", "fields": {"createBy": 3, "modifyBy": 3, "text": "\u6709\u8f83\u9ad8\u7684\u7406\u8bba\u6c34\u5e73\uff0c\u4f46\u4e0d\u80fd\u53ca\u65f6\u53cd\u6620\u5b66\u79d1\u524d\u6cbf\u52a8\u6001\u3002", "question": 21, "modifyTime": "2014-08-15T16:25:16.078", "ord": 2, "createTime": "2014-08-15T16:25:02.859", "nextQuestion": null}}, {"pk": 332, "model": "survey.branch", "fields": {"createBy": 3, "modifyBy": 3, "text": "\u7406\u8bba\u6c34\u5e73\u4e00\u822c\uff0c\u4e0d\u80fd\u53cd\u6620\u5b66\u79d1\u524d\u6cbf\u52a8\u6001\u3002", "question": 21, "modifyTime": "2014-08-15T16:25:18.500", "ord": 3, "createTime": "2014-08-15T16:25:06.484", "nextQuestion": null}}, {"pk": 333, "model": "survey.branch", "fields": {"createBy": 3, "modifyBy": 3, "text": "\u65b9\u6cd5\u7075\u6d3b\uff0c\u80fd\u542f\u53d1\u601d\u8003\uff0c\u80fd\u6fc0\u53d1\u5b66\u4e60\u3001\u601d\u8003\u7684\u79ef\u6781\u6027\uff1b\u4e0e\u5b66\u751f\u6709\u8f83\u597d\u7684\u4e92\u52a8\u6027\u3002", "question": 22, "modifyTime": "2014-08-15T16:25:35.468", "ord": 0, "createTime": "2014-08-15T16:25:19.734", "nextQuestion": null}}, {"pk": 334, "model": "survey.branch", "fields": {"createBy": 3, "modifyBy": 3, "text": "\u65b9\u6cd5\u8f83\u7075\u6d3b\uff0c\u80fd\u542f\u53d1\u5f15\u5bfc\uff0c\u4f46\u65b9\u6cd5\u6b20\u7f3a\uff0c\u4e0e\u5b66\u751f\u6709\u4e00\u5b9a\u7684\u4e92\u52a8\u6027\u3002", "question": 22, "modifyTime": "2014-08-15T16:25:38.140", "ord": 1, "createTime": "2014-08-15T16:25:19.937", "nextQuestion": null}}, {"pk": 335, "model": "survey.branch", "fields": {"createBy": 3, "modifyBy": 3, "text": "\u7f3a\u4e4f\u6b63\u786e\u7684\u6559\u5b66\u65b9\u6cd5\uff0c\u8bfe\u5802\u7ec4\u7ec7\u6559\u5b66\u80fd\u529b\u6b20\u4f73\uff0c\u4e0e\u5b66\u751f\u4e92\u52a8\u6027\u8f83\u5dee\u3002", "question": 22, "modifyTime": "2014-08-15T16:25:43.937", "ord": 2, "createTime": "2014-08-15T16:25:38.171", "nextQuestion": null}}, {"pk": 336, "model": "survey.branch", "fields": {"createBy": 3, "modifyBy": 3, "text": "\u65b9\u6cd5\u5446\u677f\uff0c\u5185\u5bb9\u8bb2\u89e3\u4e0d\u6e05\uff0c\u7f3a\u4e4f\u8bfe\u5802\u7ec4\u7ec7\uff0c\u4e0e\u5b66\u751f\u65e0\u4e92\u52a8\u6027\u3002", "question": 22, "modifyTime": "2014-08-15T16:25:51.625", "ord": 3, "createTime": "2014-08-15T16:25:43.984", "nextQuestion": null}}, {"pk": 337, "model": "survey.branch", "fields": {"createBy": 3, "modifyBy": 3, "text": "\u8bed\u8a00\u751f\u52a8\uff0c\u8bb2\u89e3\u719f\u7ec3\uff0c\u91cd\u70b9\u7a81\u51fa\u3002", "question": 23, "modifyTime": "2014-08-15T16:26:04.328", "ord": 0, "createTime": "2014-08-15T16:25:53.359", "nextQuestion": null}}, {"pk": 338, "model": "survey.branch", "fields": {"createBy": 3, "modifyBy": 3, "text": "\u8bed\u8a00\u719f\u7ec3\uff0c\u91cd\u70b9\u7a81\u51fa\uff0c\u4f46\u96be\u70b9\u8bb2\u89e3\u4e0d\u591f\u7a81\u51fa\u3002", "question": 23, "modifyTime": "2014-08-15T16:26:17.921", "ord": 1, "createTime": "2014-08-15T16:25:53.515", "nextQuestion": null}}, {"pk": 339, "model": "survey.branch", "fields": {"createBy": 3, "modifyBy": 3, "text": "\u8bed\u8a00\u5e73\u6de1\uff0c\u91cd\u70b9\u3001\u96be\u70b9\u4e0d\u591f\u660e\u786e\uff0c\u57fa\u672c\u5b8c\u6210\u6559\u5b66\u4efb\u52a1\u3002", "question": 23, "modifyTime": "2014-08-15T16:26:22.265", "ord": 2, "createTime": "2014-08-15T16:26:05.296", "nextQuestion": null}}, {"pk": 340, "model": "survey.branch", "fields": {"createBy": 3, "modifyBy": 3, "text": "\u8bed\u8a00\u5355\u8c03\u4e4f\u5473\uff0c\u6982\u5ff5\u6a21\u7cca\uff0c\u6761\u7406\u4e0d\u6e05\u3002", "question": 23, "modifyTime": "2014-08-15T16:26:24.906", "ord": 3, "createTime": "2014-08-15T16:26:06.203", "nextQuestion": null}}, {"pk": 341, "model": "survey.branch", "fields": {"createBy": 3, "modifyBy": 3, "text": "\u7406\u8bba\u5bc6\u5207\u8054\u7cfb\u5b9e\u9645\uff0c\u6709\u5145\u5206\u7684\u6848\u4f8b\u6559\u5b66\uff0c\u6559\u5b66\u6548\u679c\u5f88\u597d\u3002", "question": 24, "modifyTime": "2014-08-15T16:27:38.953", "ord": 0, "createTime": "2014-08-15T16:26:26.343", "nextQuestion": null}}, {"pk": 342, "model": "survey.branch", "fields": {"createBy": 3, "modifyBy": 3, "text": "\u7406\u8bba\u8f83\u597d\u5730\u8054\u7cfb\u5b9e\u9645\uff0c\u6709\u8f83\u591a\u7684\u6559\u5b66\u6848\u4f8b\uff0c\u6559\u5b66\u6548\u679c\u8f83\u597d\u3002", "question": 24, "modifyTime": "2014-08-15T16:27:44.328", "ord": 1, "createTime": "2014-08-15T16:26:26.484", "nextQuestion": null}}, {"pk": 343, "model": "survey.branch", "fields": {"createBy": 3, "modifyBy": 3, "text": "\u7406\u8bba\u4e00\u5b9a\u7a0b\u5ea6\u5730\u8054\u7cfb\u5b9e\u9645\uff0c\u6709\u4e00\u5b9a\u7684\u6848\u4f8b\u6559\u5b66\uff0c\u6559\u5b66\u6548\u679c\u4e00\u822c\u3002", "question": 24, "modifyTime": "2014-08-15T16:27:50.031", "ord": 2, "createTime": "2014-08-15T16:27:28.812", "nextQuestion": null}}, {"pk": 344, "model": "survey.branch", "fields": {"createBy": 3, "modifyBy": 3, "text": "\u7406\u8bba\u4e0d\u80fd\u8054\u7cfb\u5b9e\u9645\uff0c\u5f88\u5c11\u6216\u6ca1\u6709\u6848\u4f8b\u6559\u5b66\uff0c\u6559\u5b66\u6548\u679c\u4e00\u822c\u3002", "question": 24, "modifyTime": "2014-08-15T16:27:51.890", "ord": 3, "createTime": "2014-08-15T16:27:29.828", "nextQuestion": null}}, {"pk": 345, "model": "survey.branch", "fields": {"createBy": 1, "modifyBy": 1, "text": "\u662f", "question": 25, "modifyTime": "2014-08-18T19:14:22.679", "ord": 0, "createTime": "2014-08-18T19:14:22.679", "nextQuestion": null}}, {"pk": 346, "model": "survey.branch", "fields": {"createBy": 1, "modifyBy": 1, "text": "\u5426", "question": 25, "modifyTime": "2014-08-18T19:14:22.682", "ord": 1, "createTime": "2014-08-18T19:14:22.682", "nextQuestion": 6}}, {"pk": 347, "model": "survey.branch", "fields": {"createBy": 1, "modifyBy": 1, "text": "\u6dd8\u5b9d", "question": 26, "modifyTime": "2014-08-18T19:14:22.688", "ord": 0, "createTime": "2014-08-18T19:14:22.688", "nextQuestion": 5}}, {"pk": 348, "model": "survey.branch", "fields": {"createBy": 1, "modifyBy": 1, "text": "\u4eac\u4e1c", "question": 26, "modifyTime": "2014-08-18T19:14:22.690", "ord": 1, "createTime": "2014-08-18T19:14:22.690", "nextQuestion": 27}}, {"pk": 349, "model": "survey.branch", "fields": {"createBy": 1, "modifyBy": 1, "text": "\u5f53\u5f53", "question": 26, "modifyTime": "2014-08-18T19:14:22.691", "ord": 2, "createTime": "2014-08-18T19:14:22.691", "nextQuestion": 28}}, {"pk": 350, "model": "survey.branch", "fields": {"createBy": 1, "modifyBy": 1, "text": "\u7269\u54c1\u4e30\u5bcc", "question": 27, "modifyTime": "2014-08-18T19:14:22.694", "ord": 0, "createTime": "2014-08-18T19:14:22.694", "nextQuestion": 5}}, {"pk": 351, "model": "survey.branch", "fields": {"createBy": 1, "modifyBy": 1, "text": "\u7269\u6d41\u901f\u5ea6", "question": 27, "modifyTime": "2014-08-18T19:14:22.695", "ord": 1, "createTime": "2014-08-18T19:14:22.695", "nextQuestion": 5}}, {"pk": 352, "model": "survey.branch", "fields": {"createBy": 1, "modifyBy": 1, "text": "\u5728\u7ebf\u5ba2\u670d", "question": 27, "modifyTime": "2014-08-18T19:14:22.696", "ord": 2, "createTime": "2014-08-18T19:14:22.696", "nextQuestion": 5}}, {"pk": 353, "model": "survey.branch", "fields": {"createBy": 1, "modifyBy": 1, "text": "\u7269\u54c1\u4e30\u5bcc", "question": 28, "modifyTime": "2014-08-18T19:14:22.699", "ord": 0, "createTime": "2014-08-18T19:14:22.699", "nextQuestion": 5}}, {"pk": 354, "model": "survey.branch", "fields": {"createBy": 1, "modifyBy": 1, "text": "\u7269\u6d41\u901f\u5ea6", "question": 28, "modifyTime": "2014-08-18T19:14:22.700", "ord": 1, "createTime": "2014-08-18T19:14:22.700", "nextQuestion": 5}}, {"pk": 355, "model": "survey.branch", "fields": {"createBy": 1, "modifyBy": 1, "text": "\u5728\u7ebf\u5ba2\u670d", "question": 28, "modifyTime": "2014-08-18T19:14:22.701", "ord": 2, "createTime": "2014-08-18T19:14:22.701", "nextQuestion": 5}}, {"pk": 356, "model": "survey.branch", "fields": {"createBy": 3, "modifyBy": 3, "text": "10", "question": 29, "modifyTime": "2014-08-18T19:14:53.824", "ord": 0, "createTime": "2014-08-18T19:14:53.824", "nextQuestion": null}}, {"pk": 357, "model": "survey.branch", "fields": {"createBy": 3, "modifyBy": 3, "text": "9", "question": 29, "modifyTime": "2014-08-18T19:14:53.828", "ord": 1, "createTime": "2014-08-18T19:14:53.828", "nextQuestion": null}}, {"pk": 358, "model": "survey.branch", "fields": {"createBy": 3, "modifyBy": 3, "text": "8", "question": 29, "modifyTime": "2014-08-18T19:14:53.830", "ord": 2, "createTime": "2014-08-18T19:14:53.830", "nextQuestion": null}}, {"pk": 359, "model": "survey.branch", "fields": {"createBy": 3, "modifyBy": 3, "text": "7", "question": 29, "modifyTime": "2014-08-18T19:14:53.832", "ord": 3, "createTime": "2014-08-18T19:14:53.832", "nextQuestion": null}}, {"pk": 360, "model": "survey.branch", "fields": {"createBy": 3, "modifyBy": 3, "text": "6", "question": 29, "modifyTime": "2014-08-18T19:14:53.833", "ord": 4, "createTime": "2014-08-18T19:14:53.833", "nextQuestion": null}}, {"pk": 361, "model": "survey.branch", "fields": {"createBy": 3, "modifyBy": 3, "text": "5", "question": 29, "modifyTime": "2014-08-18T19:14:53.834", "ord": 5, "createTime": "2014-08-18T19:14:53.834", "nextQuestion": null}}, {"pk": 362, "model": "survey.branch", "fields": {"createBy": 3, "modifyBy": 3, "text": "4", "question": 29, "modifyTime": "2014-08-18T19:14:53.835", "ord": 6, "createTime": "2014-08-18T19:14:53.835", "nextQuestion": null}}, {"pk": 363, "model": "survey.branch", "fields": {"createBy": 3, "modifyBy": 3, "text": "3", "question": 29, "modifyTime": "2014-08-18T19:14:53.836", "ord": 7, "createTime": "2014-08-18T19:14:53.836", "nextQuestion": null}}, {"pk": 364, "model": "survey.branch", "fields": {"createBy": 3, "modifyBy": 3, "text": "2", "question": 29, "modifyTime": "2014-08-18T19:14:53.837", "ord": 8, "createTime": "2014-08-18T19:14:53.837", "nextQuestion": null}}, {"pk": 365, "model": "survey.branch", "fields": {"createBy": 3, "modifyBy": 3, "text": "1", "question": 29, "modifyTime": "2014-08-18T19:14:53.839", "ord": 9, "createTime": "2014-08-18T19:14:53.839", "nextQuestion": null}}, {"pk": 366, "model": "survey.branch", "fields": {"createBy": 3, "modifyBy": 3, "text": "0", "question": 29, "modifyTime": "2014-08-18T19:14:53.840", "ord": 10, "createTime": "2014-08-18T19:14:53.840", "nextQuestion": null}}, {"pk": 367, "model": "survey.branch", "fields": {"createBy": 1, "modifyBy": 1, "text": "\u662f", "question": 30, "modifyTime": "2014-09-01T14:46:35.046", "ord": 0, "createTime": "2014-09-01T14:46:35.046", "nextQuestion": null}}, {"pk": 368, "model": "survey.branch", "fields": {"createBy": 1, "modifyBy": 1, "text": "\u5426", "question": 30, "modifyTime": "2014-09-01T14:46:35.046", "ord": 1, "createTime": "2014-09-01T14:46:35.046", "nextQuestion": 6}}, {"pk": 369, "model": "survey.branch", "fields": {"createBy": 1, "modifyBy": 1, "text": "\u6dd8\u5b9d", "question": 31, "modifyTime": "2014-09-01T14:46:35.062", "ord": 0, "createTime": "2014-09-01T14:46:35.062", "nextQuestion": 5}}, {"pk": 370, "model": "survey.branch", "fields": {"createBy": 1, "modifyBy": 1, "text": "\u4eac\u4e1c", "question": 31, "modifyTime": "2014-09-01T14:46:35.062", "ord": 1, "createTime": "2014-09-01T14:46:35.062", "nextQuestion": 32}}, {"pk": 371, "model": "survey.branch", "fields": {"createBy": 1, "modifyBy": 1, "text": "\u5f53\u5f53", "question": 31, "modifyTime": "2014-09-01T14:46:35.062", "ord": 2, "createTime": "2014-09-01T14:46:35.062", "nextQuestion": 33}}, {"pk": 372, "model": "survey.branch", "fields": {"createBy": 1, "modifyBy": 1, "text": "\u7269\u54c1\u4e30\u5bcc", "question": 32, "modifyTime": "2014-09-01T14:46:35.078", "ord": 0, "createTime": "2014-09-01T14:46:35.078", "nextQuestion": 5}}, {"pk": 373, "model": "survey.branch", "fields": {"createBy": 1, "modifyBy": 1, "text": "\u7269\u6d41\u901f\u5ea6", "question": 32, "modifyTime": "2014-09-01T14:46:35.078", "ord": 1, "createTime": "2014-09-01T14:46:35.078", "nextQuestion": 5}}, {"pk": 374, "model": "survey.branch", "fields": {"createBy": 1, "modifyBy": 1, "text": "\u5728\u7ebf\u5ba2\u670d", "question": 32, "modifyTime": "2014-09-01T14:46:35.078", "ord": 2, "createTime": "2014-09-01T14:46:35.078", "nextQuestion": 5}}, {"pk": 375, "model": "survey.branch", "fields": {"createBy": 1, "modifyBy": 1, "text": "\u7269\u54c1\u4e30\u5bcc", "question": 33, "modifyTime": "2014-09-01T14:46:35.093", "ord": 0, "createTime": "2014-09-01T14:46:35.093", "nextQuestion": 5}}, {"pk": 376, "model": "survey.branch", "fields": {"createBy": 1, "modifyBy": 1, "text": "\u7269\u6d41\u901f\u5ea6", "question": 33, "modifyTime": "2014-09-01T14:46:35.093", "ord": 1, "createTime": "2014-09-01T14:46:35.093", "nextQuestion": 5}}, {"pk": 377, "model": "survey.branch", "fields": {"createBy": 1, "modifyBy": 1, "text": "\u5728\u7ebf\u5ba2\u670d", "question": 33, "modifyTime": "2014-09-01T14:46:35.093", "ord": 2, "createTime": "2014-09-01T14:46:35.093", "nextQuestion": 5}}, {"pk": 1, "model": "survey.survey", "fields": {"custList": null, "code": "survey-no-target-01", "viewResult": true, "paused": false, "paper": 5, "validSampleLimit": 0, "fee": 0.0, "modifyBy": 1, "ipLimit": 5, "hardCost": 0.0, "pay": true, "state": "A", "macLimit": 5, "resubmit": true, "modifyTime": "2014-08-18T19:14:22", "shared": true, "targetOnly": false, "bonus": 0.0, "createBy": 1, "anonymous": false, "password": "", "createTime": "2014-08-18T19:14:22", "publishTime": "2014-08-18T19:14:22", "endTime": "2015-08-18T19:14:22"}}, {"pk": 2, "model": "survey.survey", "fields": {"custList": null, "code": null, "viewResult": true, "paused": false, "paper": 6, "validSampleLimit": 0, "fee": 0.0, "modifyBy": 3, "ipLimit": 5, "hardCost": 0.0, "pay": true, "state": "A", "macLimit": 5, "resubmit": true, "modifyTime": "2014-08-18T19:14:53.845", "shared": true, "targetOnly": false, "bonus": 0.0, "createBy": 3, "anonymous": false, "password": "", "createTime": "2014-08-18T19:14:53.845", "publishTime": "2014-08-18T19:14:53.845", "endTime": "2015-08-18T19:14:53.845"}}, {"pk": 3, "model": "survey.survey", "fields": {"custList": 1, "code": "survey-target-01", "viewResult": true, "paused": false, "paper": 7, "validSampleLimit": 0, "fee": 0.0, "modifyBy": 1, "ipLimit": 5, "hardCost": 0.0, "pay": true, "state": "A", "macLimit": 5, "resubmit": true, "modifyTime": "2014-09-01T14:46:35", "shared": true, "targetOnly": false, "bonus": 0.0, "createBy": 1, "anonymous": false, "password": "", "createTime": "2014-09-01T14:46:35", "publishTime": "2014-09-01T14:46:35", "endTime": "2015-09-01T14:46:35"}}, {"pk": 1, "model": "survey.custlist", "fields": {"createBy": 1, "modifyBy": 1, "descrition": "", "modifyTime": "2014-08-23T19:15:18.029", "createTime": "2014-08-23T18:28:06.608", "name": "2013\u5e74\u53d1\u5c55\u7684\u5ba2\u6237"}}, {"pk": 2, "model": "survey.custlist", "fields": {"createBy": 3, "modifyBy": 3, "descrition": "", "modifyTime": "2014-08-23T18:28:38.162", "createTime": "2014-08-23T18:28:38.162", "name": "EMBA\u540c\u5b66\u540d\u5355"}}, {"pk": 1, "model": "survey.custlistitem", "fields": {"custList": 1, "createBy": 1, "name": "\u5f20\u6f5c", "defineInfo_set": [], "createTime": "2014-08-23T19:23:53", "phone": "18905928875", "modifyTime": "2014-08-23T19:23:53", "email": "wwqian_5@163.com", "modifyBy": 1}}, {"pk": 2, "model": "survey.custlistitem", "fields": {"custList": 1, "createBy": 1, "name": "\u675c\u6db5", "defineInfo_set": [], "createTime": "2014-08-23T19:27:32", "phone": "18906021980", "modifyTime": "2014-08-23T19:27:32", "email": "duhan@189.cn", "modifyBy": 1}}, {"pk": 5, "model": "survey.custlistitem", "fields": {"custList": 2, "createBy": 3, "name": "\u5f20\u5efa\u534e", "defineInfo_set": [], "createTime": "2014-08-24T12:43:49.389", "phone": "18906027099", "modifyTime": "2014-08-24T12:43:49.389", "email": "18906027099@189.cn", "modifyBy": 3}}]