[{"pk": 1, "model": "survey.paper", "fields": {"createBy": 1, "description": "\u67e5\u770b\u7528\u6237\u6ee1\u610f\u5ea6\u548c\u7ade\u4e89\u5bf9\u624b\u7684\u4f18\u52bf\u5bf9\u6bd4", "title": "[01].\u7f51\u8d2d\u5ba2\u6237\u6ee1\u610f\u5ea6\u8c03\u67e511", "lookBack": false, "paging": false, "modifyTime": "2014-07-08T16:09:38.022", "questionNumStyle": "(1)(2)(3)", "inOrder": false, "createTime": "2014-05-21T10:25:55", "modifyBy": 1}}, {"pk": 7, "model": "survey.paper", "fields": {"createBy": 1, "description": "", "title": "\u65b0\u589e\u95ee\u5377", "lookBack": false, "paging": true, "modifyTime": "2014-07-08T16:30:25.897", "questionNumStyle": "123", "inOrder": false, "createTime": "2014-07-08T16:30:25.897", "modifyBy": 1}}, {"pk": 10, "model": "survey.paper", "fields": {"createBy": 1, "description": "", "title": "\u65b0\u589e\u95ee\u5377", "lookBack": false, "paging": true, "modifyTime": "2014-07-08T17:28:52.444", "questionNumStyle": "123", "inOrder": false, "createTime": "2014-07-08T17:28:52.444", "modifyBy": 1}}, {"pk": 19, "model": "survey.paper", "fields": {"createBy": 1, "description": "", "title": "\u65b0\u589e\u95ee\u5377", "lookBack": false, "paging": true, "modifyTime": "2014-07-08T19:19:28.347", "questionNumStyle": "123", "inOrder": false, "createTime": "2014-07-08T19:19:28.347", "modifyBy": 1}}, {"pk": 20, "model": "survey.paper", "fields": {"createBy": 1, "description": "", "title": "\u65b0\u589e\u95ee\u5377", "lookBack": false, "paging": true, "modifyTime": "2014-07-08T19:19:29.724", "questionNumStyle": "123", "inOrder": false, "createTime": "2014-07-08T19:19:29.724", "modifyBy": 1}}, {"pk": 22, "model": "survey.paper", "fields": {"createBy": 1, "description": "", "title": "\u65b0\u589e\u95ee\u5377", "lookBack": false, "paging": true, "modifyTime": "2014-07-08T19:26:22.975", "questionNumStyle": "123", "inOrder": false, "createTime": "2014-07-08T19:26:22.975", "modifyBy": 1}}, {"pk": 23, "model": "survey.paper", "fields": {"createBy": 1, "description": "", "title": "\u65b0\u589e\u95ee\u5377", "lookBack": false, "paging": true, "modifyTime": "2014-07-08T19:32:47.115", "questionNumStyle": "123", "inOrder": false, "createTime": "2014-07-08T19:32:47.115", "modifyBy": 1}}, {"pk": 24, "model": "survey.paper", "fields": {"createBy": 4, "description": "", "title": "\u65b0\u589e\u95ee\u5377", "lookBack": false, "paging": true, "modifyTime": "2014-07-08T19:52:16.155", "questionNumStyle": "123", "inOrder": false, "createTime": "2014-07-08T19:52:16.155", "modifyBy": 4}}, {"pk": 25, "model": "survey.paper", "fields": {"createBy": 4, "description": "", "title": "\u65b0\u589e\u95ee\u5377", "lookBack": false, "paging": true, "modifyTime": "2014-07-08T19:52:31.970", "questionNumStyle": "123", "inOrder": false, "createTime": "2014-07-08T19:52:31.970", "modifyBy": 4}}, {"pk": 26, "model": "survey.paper", "fields": {"createBy": 4, "description": "", "title": "\u65b0\u589e\u95ee\u5377", "lookBack": false, "paging": true, "modifyTime": "2014-07-08T19:52:44.803", "questionNumStyle": "123", "inOrder": false, "createTime": "2014-07-08T19:52:44.803", "modifyBy": 4}}, {"pk": 27, "model": "survey.paper", "fields": {"createBy": 5, "description": "", "title": "\u65b0\u589e\u95ee\u5377", "lookBack": false, "paging": true, "modifyTime": "2014-07-12T09:16:21.963", "questionNumStyle": "123", "inOrder": true, "createTime": "2014-07-08T19:55:46.834", "modifyBy": 5}}, {"pk": 28, "model": "survey.paper", "fields": {"createBy": 5, "description": "", "title": "\u65b0\u589e\u95ee\u5377", "lookBack": false, "paging": true, "modifyTime": "2014-07-08T19:56:01.136", "questionNumStyle": "123", "inOrder": false, "createTime": "2014-07-08T19:56:01.136", "modifyBy": 5}}, {"pk": 30, "model": "survey.paper", "fields": {"createBy": 5, "description": "", "title": "\u65b0\u589e\u95ee\u5377", "lookBack": false, "paging": true, "modifyTime": "2014-07-08T19:56:05.432", "questionNumStyle": "123", "inOrder": false, "createTime": "2014-07-08T19:56:05.432", "modifyBy": 5}}, {"pk": 31, "model": "survey.paper", "fields": {"createBy": 5, "description": "", "title": "\u65b0\u589e\u95ee\u5377", "lookBack": false, "paging": true, "modifyTime": "2014-07-08T19:57:12.453", "questionNumStyle": "123", "inOrder": false, "createTime": "2014-07-08T19:57:12.453", "modifyBy": 5}}, {"pk": 32, "model": "survey.paper", "fields": {"createBy": 5, "description": "", "title": "\u65b0\u589e\u95ee\u5377", "lookBack": false, "paging": true, "modifyTime": "2014-07-08T19:57:20.350", "questionNumStyle": "123", "inOrder": false, "createTime": "2014-07-08T19:57:20.350", "modifyBy": 5}}, {"pk": 34, "model": "survey.paper", "fields": {"createBy": 5, "description": "", "title": "\u65b0\u589e\u95ee\u5377", "lookBack": false, "paging": true, "modifyTime": "2014-07-10T19:12:36.435", "questionNumStyle": "123", "inOrder": false, "createTime": "2014-07-10T19:12:36.435", "modifyBy": 5}}, {"pk": 35, "model": "survey.paper", "fields": {"createBy": 5, "description": "", "title": "\u65b0\u589e\u95ee\u5377", "lookBack": false, "paging": true, "modifyTime": "2014-07-10T19:12:41.835", "questionNumStyle": "123", "inOrder": false, "createTime": "2014-07-10T19:12:41.835", "modifyBy": 5}}, {"pk": 36, "model": "survey.paper", "fields": {"createBy": 5, "description": "", "title": "\u65b0\u589e\u95ee\u5377", "lookBack": false, "paging": true, "modifyTime": "2014-07-10T19:12:43.334", "questionNumStyle": "123", "inOrder": false, "createTime": "2014-07-10T19:12:43.334", "modifyBy": 5}}, {"pk": 37, "model": "survey.paper", "fields": {"createBy": 5, "description": "", "title": "\u65b0\u589e\u95ee\u5377", "lookBack": false, "paging": true, "modifyTime": "2014-07-10T19:12:44.691", "questionNumStyle": "123", "inOrder": false, "createTime": "2014-07-10T19:12:44.691", "modifyBy": 5}}, {"pk": 38, "model": "survey.paper", "fields": {"createBy": 5, "description": "", "title": "\u65b0\u589e\u95ee\u5377", "lookBack": false, "paging": true, "modifyTime": "2014-07-10T19:12:46.011", "questionNumStyle": "123", "inOrder": false, "createTime": "2014-07-10T19:12:46.011", "modifyBy": 5}}, {"pk": 39, "model": "survey.paper", "fields": {"createBy": 5, "description": "", "title": "\u65b0\u589e\u95ee\u5377", "lookBack": false, "paging": true, "modifyTime": "2014-07-10T19:12:47.331", "questionNumStyle": "123", "inOrder": false, "createTime": "2014-07-10T19:12:47.331", "modifyBy": 5}}, {"pk": 40, "model": "survey.paper", "fields": {"createBy": 5, "description": "", "title": "\u65b0\u589e\u95ee\u5377", "lookBack": false, "paging": true, "modifyTime": "2014-07-10T19:12:51.131", "questionNumStyle": "123", "inOrder": false, "createTime": "2014-07-10T19:12:51.131", "modifyBy": 5}}, {"pk": 42, "model": "survey.paper", "fields": {"createBy": 5, "description": "", "title": "\u65b0\u589e\u95ee\u5377", "lookBack": false, "paging": true, "modifyTime": "2014-07-10T19:12:55.427", "questionNumStyle": "123", "inOrder": false, "createTime": "2014-07-10T19:12:55.427", "modifyBy": 5}}, {"pk": 43, "model": "survey.paper", "fields": {"createBy": 5, "description": "", "title": "\u65b0\u589e\u95ee\u5377", "lookBack": false, "paging": true, "modifyTime": "2014-07-10T19:13:00.932", "questionNumStyle": "123", "inOrder": false, "createTime": "2014-07-10T19:13:00.932", "modifyBy": 5}}, {"pk": 44, "model": "survey.paper", "fields": {"createBy": 5, "description": "", "title": "\u65b0\u589e\u95ee\u5377", "lookBack": false, "paging": true, "modifyTime": "2014-07-10T19:13:02.924", "questionNumStyle": "123", "inOrder": false, "createTime": "2014-07-10T19:13:02.924", "modifyBy": 5}}, {"pk": 45, "model": "survey.paper", "fields": {"createBy": 5, "description": "", "title": "\u65b0\u589e\u95ee\u5377", "lookBack": false, "paging": true, "modifyTime": "2014-07-10T19:13:05.180", "questionNumStyle": "123", "inOrder": false, "createTime": "2014-07-10T19:13:05.180", "modifyBy": 5}}, {"pk": 46, "model": "survey.paper", "fields": {"createBy": 5, "description": "", "title": "\u65b0\u589e\u95ee\u5377", "lookBack": false, "paging": true, "modifyTime": "2014-07-10T19:13:07.636", "questionNumStyle": "123", "inOrder": false, "createTime": "2014-07-10T19:13:07.636", "modifyBy": 5}}, {"pk": 47, "model": "survey.paper", "fields": {"createBy": 5, "description": "", "title": "\u65b0\u589e\u95ee\u5377", "lookBack": false, "paging": true, "modifyTime": "2014-07-10T19:13:09.540", "questionNumStyle": "123", "inOrder": false, "createTime": "2014-07-10T19:13:09.540", "modifyBy": 5}}, {"pk": 48, "model": "survey.paper", "fields": {"createBy": 1, "description": "", "title": "\u65b0\u589e\u95ee\u5377", "lookBack": false, "paging": true, "modifyTime": "2014-07-11T11:07:54.500", "questionNumStyle": "123", "inOrder": false, "createTime": "2014-07-11T11:07:54.500", "modifyBy": 1}}, {"pk": 49, "model": "survey.paper", "fields": {"createBy": 1, "description": "", "title": "\u65b0\u589e\u95ee\u5377", "lookBack": false, "paging": true, "modifyTime": "2014-07-11T11:07:56.718", "questionNumStyle": "123", "inOrder": false, "createTime": "2014-07-11T11:07:56.718", "modifyBy": 1}}, {"pk": 50, "model": "survey.paper", "fields": {"createBy": 1, "description": "", "title": "\u65b0\u589e\u95ee\u5377", "lookBack": false, "paging": true, "modifyTime": "2014-07-11T11:07:58.359", "questionNumStyle": "123", "inOrder": false, "createTime": "2014-07-11T11:07:58.359", "modifyBy": 1}}, {"pk": 51, "model": "survey.paper", "fields": {"createBy": 1, "description": "", "title": "\u65b0\u589e\u95ee\u5377", "lookBack": true, "paging": false, "modifyTime": "2014-07-26T07:43:04.471", "questionNumStyle": "123", "inOrder": true, "createTime": "2014-07-11T11:08:00.031", "modifyBy": 1}}, {"pk": 52, "model": "survey.paper", "fields": {"createBy": 1, "description": "", "title": "\u65b0\u589e\u95ee\u5377", "lookBack": false, "paging": true, "modifyTime": "2014-07-11T11:08:01.718", "questionNumStyle": "123", "inOrder": false, "createTime": "2014-07-11T11:08:01.718", "modifyBy": 1}}, {"pk": 53, "model": "survey.paper", "fields": {"createBy": 1, "description": "", "title": "\u65b0\u589e\u95ee\u5377", "lookBack": false, "paging": true, "modifyTime": "2014-07-11T11:08:03.453", "questionNumStyle": "123", "inOrder": false, "createTime": "2014-07-11T11:08:03.453", "modifyBy": 1}}, {"pk": 54, "model": "survey.paper", "fields": {"createBy": 5, "description": "", "title": "\u65b0\u589e\u95ee\u5377", "lookBack": false, "paging": true, "modifyTime": "2014-07-12T09:15:37.517", "questionNumStyle": "123", "inOrder": false, "createTime": "2014-07-12T09:15:37.517", "modifyBy": 5}}, {"pk": 55, "model": "survey.paper", "fields": {"createBy": 5, "description": "", "title": "\u65b0\u589e\u95ee\u5377", "lookBack": false, "paging": true, "modifyTime": "2014-07-12T09:22:48.849", "questionNumStyle": "123", "inOrder": false, "createTime": "2014-07-12T09:22:48.849", "modifyBy": 5}}, {"pk": 56, "model": "survey.paper", "fields": {"createBy": 5, "description": "", "title": "\u65b0\u589e\u95ee\u537711", "lookBack": false, "paging": true, "modifyTime": "2014-07-12T10:05:37.191", "questionNumStyle": "123", "inOrder": false, "createTime": "2014-07-12T09:23:00.423", "modifyBy": 5}}, {"pk": 57, "model": "survey.paper", "fields": {"createBy": 5, "description": "", "title": "\u65b0\u589e\u95ee\u5377", "lookBack": true, "paging": true, "modifyTime": "2014-07-12T09:27:17.744", "questionNumStyle": "123", "inOrder": false, "createTime": "2014-07-12T09:23:06.976", "modifyBy": 5}}, {"pk": 58, "model": "survey.paper", "fields": {"createBy": 5, "description": "", "title": "\u65b0\u589e\u95ee\u537712111111", "lookBack": false, "paging": true, "modifyTime": "2014-07-12T10:38:01.024", "questionNumStyle": "123", "inOrder": false, "createTime": "2014-07-12T09:27:21.363", "modifyBy": 5}}, {"pk": 59, "model": "survey.paper", "fields": {"createBy": 5, "description": "", "title": "\u65b0\u589e\u95ee\u5377", "lookBack": false, "paging": true, "modifyTime": "2014-07-12T09:27:29.337", "questionNumStyle": "123", "inOrder": false, "createTime": "2014-07-12T09:27:29.337", "modifyBy": 5}}, {"pk": 60, "model": "survey.paper", "fields": {"createBy": 5, "description": "", "title": "\u65b0\u589e\u95ee\u5377", "lookBack": false, "paging": true, "modifyTime": "2014-07-12T09:58:56.197", "questionNumStyle": "123", "inOrder": false, "createTime": "2014-07-12T09:58:56.197", "modifyBy": 5}}, {"pk": 62, "model": "survey.paper", "fields": {"createBy": 5, "description": "", "title": "\u65b0\u589e\u95ee\u5377", "lookBack": false, "paging": true, "modifyTime": "2014-07-12T09:59:30.643", "questionNumStyle": "123", "inOrder": false, "createTime": "2014-07-12T09:59:30.643", "modifyBy": 5}}, {"pk": 63, "model": "survey.paper", "fields": {"createBy": 5, "description": "", "title": "\u65b0\u589e\u95ee\u5377", "lookBack": false, "paging": true, "modifyTime": "2014-07-12T09:59:32.732", "questionNumStyle": "123", "inOrder": false, "createTime": "2014-07-12T09:59:32.732", "modifyBy": 5}}, {"pk": 64, "model": "survey.paper", "fields": {"createBy": 5, "description": "", "title": "\u65b0\u589e\u95ee\u5377", "lookBack": false, "paging": true, "modifyTime": "2014-07-12T09:59:41.972", "questionNumStyle": "123", "inOrder": false, "createTime": "2014-07-12T09:59:41.972", "modifyBy": 5}}, {"pk": 65, "model": "survey.paper", "fields": {"createBy": 5, "description": "", "title": "\u65b0\u589e\u95ee\u5377", "lookBack": false, "paging": true, "modifyTime": "2014-07-12T09:59:47.541", "questionNumStyle": "123", "inOrder": false, "createTime": "2014-07-12T09:59:47.541", "modifyBy": 5}}, {"pk": 66, "model": "survey.paper", "fields": {"createBy": 5, "description": "1111", "title": "\u65b0\u589e\u95ee\u5377111111", "lookBack": false, "paging": true, "modifyTime": "2014-07-21T19:06:41.382", "questionNumStyle": "123", "inOrder": false, "createTime": "2014-07-12T10:41:35.673", "modifyBy": 5}}, {"pk": 1, "model": "survey.question", "fields": {"valueMin": 0.0, "branchNumStyle": "ABC", "createBy": 1, "modifyBy": 1, "text": "\u60a8\u5e73\u65f6\u662f\u5426\u5728\u7f51\u4e0a\u8d2d\u7f51\uff1f", "contentLength": 0, "confused": false, "paper": 1, "modifyTime": "2014-07-02T10:30:19.812", "ord": 0, "nextQuestion": null, "type": "Single", "createTime": "2014-05-21T10:31:32", "valueMax": 10.0}}, {"pk": 2, "model": "survey.question", "fields": {"valueMin": 0.0, "branchNumStyle": "ABC", "createBy": 1, "modifyBy": 1, "text": "\u60a8\u6700\u5e38\u53bb\u7684\u8d2d\u7269\u7f51\u7ad9\u662f\uff1f", "contentLength": 0, "confused": false, "paper": 1, "modifyTime": "2014-07-02T10:22:27.890", "ord": 1, "nextQuestion": null, "type": "Single", "createTime": "2014-05-21T10:38:23", "valueMax": 10.0}}, {"pk": 3, "model": "survey.question", "fields": {"valueMin": 0.0, "branchNumStyle": "ABC", "createBy": 1, "modifyBy": 1, "text": "\u60a8\u89c9\u5f97\u4eac\u4e1c\u7684\u90a3\u4e9b\u670d\u52a1\u505a\u7684\u6dd8\u5b9d\u597d\uff1f", "contentLength": 0, "confused": false, "paper": 1, "modifyTime": "2014-06-27T11:04:55.406", "ord": 2, "nextQuestion": null, "type": "Single", "createTime": "2014-05-21T10:39:42", "valueMax": 10.0}}, {"pk": 4, "model": "survey.question", "fields": {"valueMin": 0.0, "branchNumStyle": "ABC", "createBy": 1, "modifyBy": 1, "text": "\u60a8\u89c9\u5f97\u5f53\u5f53\u7684\u90a3\u4e9b\u670d\u52a1\u505a\u7684\u6dd8\u5b9d\u597d\uff1f", "contentLength": 0, "confused": false, "paper": 1, "modifyTime": "2014-07-02T09:35:18.296", "ord": 3, "nextQuestion": null, "type": "Single", "createTime": "2014-05-21T10:40:29", "valueMax": 10.0}}, {"pk": 5, "model": "survey.question", "fields": {"valueMin": 0.0, "branchNumStyle": "ABC", "createBy": 6, "modifyBy": 6, "text": "", "contentLength": 0, "confused": false, "paper": null, "modifyTime": "2014-05-21T15:32:06", "ord": 101, "nextQuestion": null, "type": "EndValid", "createTime": "2014-05-21T15:32:06", "valueMax": 10.0}}, {"pk": 6, "model": "survey.question", "fields": {"valueMin": 0.0, "branchNumStyle": "ABC", "createBy": 6, "modifyBy": 6, "text": "", "contentLength": 0, "confused": false, "paper": null, "modifyTime": "2014-05-21T15:33:19", "ord": 102, "nextQuestion": null, "type": "EndInvalid", "createTime": "2014-05-21T15:33:18", "valueMax": 10.0}}, {"pk": 7, "model": "survey.question", "fields": {"valueMin": 0.0, "branchNumStyle": "ABC", "createBy": 1, "modifyBy": 1, "text": "\u65b0\u589e\u95ee\u9898111", "contentLength": 0, "confused": false, "paper": 1, "modifyTime": "2014-06-29T10:09:14.390", "ord": 4, "nextQuestion": null, "type": "Single", "createTime": "2014-06-24T17:46:54.686", "valueMax": 10.0}}, {"pk": 8, "model": "survey.question", "fields": {"valueMin": 0.0, "branchNumStyle": "ABC", "createBy": 1, "modifyBy": 1, "text": "\u65b0\u589e\u95ee\u9898", "contentLength": 0, "confused": false, "paper": 1, "modifyTime": "2014-07-02T10:19:05.265", "ord": 5, "nextQuestion": null, "type": "Single", "createTime": "2014-07-02T10:19:05.265", "valueMax": 10.0}}, {"pk": 9, "model": "survey.question", "fields": {"valueMin": 0.0, "branchNumStyle": "ABC", "createBy": 1, "modifyBy": 1, "text": "\u65b0\u589e\u95ee\u9898", "contentLength": 0, "confused": false, "paper": 1, "modifyTime": "2014-07-02T10:19:14.593", "ord": 6, "nextQuestion": null, "type": "Single", "createTime": "2014-07-02T10:19:14.593", "valueMax": 10.0}}, {"pk": 10, "model": "survey.question", "fields": {"valueMin": 0.0, "branchNumStyle": "ABC", "createBy": 1, "modifyBy": 1, "text": "\u65b0\u589e\u95ee\u9898", "contentLength": 0, "confused": false, "paper": 1, "modifyTime": "2014-07-02T10:19:22.562", "ord": 7, "nextQuestion": null, "type": "Single", "createTime": "2014-07-02T10:19:22.562", "valueMax": 10.0}}, {"pk": 14, "model": "survey.question", "fields": {"valueMin": 0.0, "branchNumStyle": "ABC", "createBy": 1, "modifyBy": 1, "text": "\u65b0\u589e\u95ee\u9898", "contentLength": 0, "confused": false, "paper": 7, "modifyTime": "2014-07-08T17:24:49.866", "ord": 0, "nextQuestion": null, "type": "Single", "createTime": "2014-07-08T17:24:49.866", "valueMax": 10.0}}, {"pk": 15, "model": "survey.question", "fields": {"valueMin": 0.0, "branchNumStyle": "ABC", "createBy": 1, "modifyBy": 1, "text": "\u65b0\u589e\u95ee\u9898", "contentLength": 0, "confused": false, "paper": 10, "modifyTime": "2014-07-08T17:28:54.897", "ord": 0, "nextQuestion": null, "type": "Single", "createTime": "2014-07-08T17:28:54.897", "valueMax": 10.0}}, {"pk": 19, "model": "survey.question", "fields": {"valueMin": 0.0, "branchNumStyle": "ABC", "createBy": 1, "modifyBy": 1, "text": "\u65b0\u589e\u95ee\u9898", "contentLength": 0, "confused": false, "paper": 22, "modifyTime": "2014-07-08T19:26:27.139", "ord": 0, "nextQuestion": null, "type": "Single", "createTime": "2014-07-08T19:26:27.139", "valueMax": 10.0}}, {"pk": 20, "model": "survey.question", "fields": {"valueMin": 0.0, "branchNumStyle": "ABC", "createBy": 1, "modifyBy": 1, "text": "\u65b0\u589e\u95ee\u9898", "contentLength": 0, "confused": false, "paper": 23, "modifyTime": "2014-07-08T19:32:49.491", "ord": 0, "nextQuestion": null, "type": "Single", "createTime": "2014-07-08T19:32:49.491", "valueMax": 10.0}}, {"pk": 21, "model": "survey.question", "fields": {"valueMin": 0.0, "branchNumStyle": "ABC", "createBy": 1, "modifyBy": 1, "text": "\u65b0\u589e\u95ee\u9898", "contentLength": 0, "confused": false, "paper": 23, "modifyTime": "2014-07-08T19:35:48.460", "ord": 1, "nextQuestion": null, "type": "Single", "createTime": "2014-07-08T19:35:48.459", "valueMax": 10.0}}, {"pk": 22, "model": "survey.question", "fields": {"valueMin": 0.0, "branchNumStyle": "ABC", "createBy": 1, "modifyBy": 1, "text": "\u65b0\u589e\u95ee\u9898", "contentLength": 0, "confused": false, "paper": 23, "modifyTime": "2014-07-08T19:35:56.987", "ord": 2, "nextQuestion": null, "type": "Single", "createTime": "2014-07-08T19:35:56.987", "valueMax": 10.0}}, {"pk": 23, "model": "survey.question", "fields": {"valueMin": 0.0, "branchNumStyle": "ABC", "createBy": 1, "modifyBy": 1, "text": "\u65b0\u589e\u95ee\u9898", "contentLength": 0, "confused": false, "paper": 23, "modifyTime": "2014-07-08T19:36:00.877", "ord": 3, "nextQuestion": null, "type": "Single", "createTime": "2014-07-08T19:36:00.877", "valueMax": 10.0}}, {"pk": 24, "model": "survey.question", "fields": {"valueMin": 0.0, "branchNumStyle": "ABC", "createBy": 1, "modifyBy": 1, "text": "\u65b0\u589e\u95ee\u9898", "contentLength": 0, "confused": false, "paper": 23, "modifyTime": "2014-07-08T19:43:17.624", "ord": 4, "nextQuestion": null, "type": "Single", "createTime": "2014-07-08T19:43:17.624", "valueMax": 10.0}}, {"pk": 25, "model": "survey.question", "fields": {"valueMin": 0.0, "branchNumStyle": "ABC", "createBy": 4, "modifyBy": 4, "text": "\u65b0\u589e\u95ee\u9898", "contentLength": 0, "confused": false, "paper": 24, "modifyTime": "2014-07-08T19:52:19.682", "ord": 0, "nextQuestion": null, "type": "Single", "createTime": "2014-07-08T19:52:19.682", "valueMax": 10.0}}, {"pk": 26, "model": "survey.question", "fields": {"valueMin": 0.0, "branchNumStyle": "ABC", "createBy": 4, "modifyBy": 4, "text": "\u65b0\u589e\u95ee\u9898", "contentLength": 0, "confused": false, "paper": 24, "modifyTime": "2014-07-08T19:52:22.966", "ord": 1, "nextQuestion": null, "type": "Single", "createTime": "2014-07-08T19:52:22.966", "valueMax": 10.0}}, {"pk": 27, "model": "survey.question", "fields": {"valueMin": 0.0, "branchNumStyle": "ABC", "createBy": 4, "modifyBy": 4, "text": "\u65b0\u589e\u95ee\u9898", "contentLength": 0, "confused": false, "paper": 25, "modifyTime": "2014-07-08T19:52:38.067", "ord": 0, "nextQuestion": null, "type": "Single", "createTime": "2014-07-08T19:52:38.067", "valueMax": 10.0}}, {"pk": 28, "model": "survey.question", "fields": {"valueMin": 0.0, "branchNumStyle": "ABC", "createBy": 4, "modifyBy": 4, "text": "\u65b0\u589e\u95ee\u9898", "contentLength": 0, "confused": false, "paper": 26, "modifyTime": "2014-07-08T19:52:50.120", "ord": 0, "nextQuestion": null, "type": "Single", "createTime": "2014-07-08T19:52:50.120", "valueMax": 10.0}}, {"pk": 29, "model": "survey.question", "fields": {"valueMin": 0.0, "branchNumStyle": "ABC", "createBy": 4, "modifyBy": 4, "text": "\u65b0\u589e\u95ee\u9898", "contentLength": 0, "confused": false, "paper": 26, "modifyTime": "2014-07-08T19:52:53.255", "ord": 1, "nextQuestion": null, "type": "Single", "createTime": "2014-07-08T19:52:53.255", "valueMax": 10.0}}, {"pk": 30, "model": "survey.question", "fields": {"valueMin": 0.0, "branchNumStyle": "ABC", "createBy": 4, "modifyBy": 4, "text": "\u65b0\u589e\u95ee\u9898", "contentLength": 0, "confused": false, "paper": 26, "modifyTime": "2014-07-08T19:53:07.757", "ord": 2, "nextQuestion": null, "type": "Single", "createTime": "2014-07-08T19:53:07.757", "valueMax": 10.0}}, {"pk": 31, "model": "survey.question", "fields": {"valueMin": 0.0, "branchNumStyle": "ABC", "createBy": 4, "modifyBy": 4, "text": "\u65b0\u589e\u95ee\u9898", "contentLength": 0, "confused": false, "paper": 26, "modifyTime": "2014-07-08T19:53:11.322", "ord": 3, "nextQuestion": null, "type": "Single", "createTime": "2014-07-08T19:53:11.322", "valueMax": 10.0}}, {"pk": 32, "model": "survey.question", "fields": {"valueMin": 0.0, "branchNumStyle": "ABC", "createBy": 5, "modifyBy": 5, "text": "\u65b0\u589e\u95ee\u9898", "contentLength": 0, "confused": false, "paper": 27, "modifyTime": "2014-07-08T19:55:49.549", "ord": 0, "nextQuestion": null, "type": "Single", "createTime": "2014-07-08T19:55:49.549", "valueMax": 10.0}}, {"pk": 33, "model": "survey.question", "fields": {"valueMin": 0.0, "branchNumStyle": "ABC", "createBy": 5, "modifyBy": 5, "text": "\u65b0\u589e\u95ee\u9898", "contentLength": 0, "confused": false, "paper": 27, "modifyTime": "2014-07-08T19:55:52.840", "ord": 1, "nextQuestion": null, "type": "Single", "createTime": "2014-07-08T19:55:52.840", "valueMax": 10.0}}, {"pk": 34, "model": "survey.question", "fields": {"valueMin": 0.0, "branchNumStyle": "ABC", "createBy": 5, "modifyBy": 5, "text": "\u65b0\u589e\u95ee\u9898", "contentLength": 0, "confused": false, "paper": 27, "modifyTime": "2014-07-08T19:55:55.835", "ord": 2, "nextQuestion": null, "type": "Single", "createTime": "2014-07-08T19:55:55.835", "valueMax": 10.0}}, {"pk": 35, "model": "survey.question", "fields": {"valueMin": 0.0, "branchNumStyle": "ABC", "createBy": 5, "modifyBy": 5, "text": "\u65b0\u589e\u95ee\u9898", "contentLength": 0, "confused": false, "paper": 30, "modifyTime": "2014-07-08T19:56:10.566", "ord": 0, "nextQuestion": null, "type": "Single", "createTime": "2014-07-08T19:56:10.566", "valueMax": 10.0}}, {"pk": 36, "model": "survey.question", "fields": {"valueMin": 0.0, "branchNumStyle": "ABC", "createBy": 5, "modifyBy": 5, "text": "\u65b0\u589e\u95ee\u9898", "contentLength": 0, "confused": false, "paper": 30, "modifyTime": "2014-07-08T19:56:13.787", "ord": 1, "nextQuestion": null, "type": "Single", "createTime": "2014-07-08T19:56:13.787", "valueMax": 10.0}}, {"pk": 37, "model": "survey.question", "fields": {"valueMin": 0.0, "branchNumStyle": "ABC", "createBy": 5, "modifyBy": 5, "text": "\u65b0\u589e\u95ee\u9898", "contentLength": 0, "confused": false, "paper": 30, "modifyTime": "2014-07-08T19:56:24.957", "ord": 2, "nextQuestion": null, "type": "Single", "createTime": "2014-07-08T19:56:24.957", "valueMax": 10.0}}, {"pk": 38, "model": "survey.question", "fields": {"valueMin": 0.0, "branchNumStyle": "ABC", "createBy": 5, "modifyBy": 5, "text": "\u65b0\u589e\u95ee\u9898", "contentLength": 0, "confused": false, "paper": 30, "modifyTime": "2014-07-08T19:56:39.458", "ord": 3, "nextQuestion": null, "type": "Single", "createTime": "2014-07-08T19:56:39.458", "valueMax": 10.0}}, {"pk": 39, "model": "survey.question", "fields": {"valueMin": 0.0, "branchNumStyle": "ABC", "createBy": 5, "modifyBy": 5, "text": "\u65b0\u589e\u95ee\u9898", "contentLength": 0, "confused": false, "paper": 30, "modifyTime": "2014-07-08T19:56:58.417", "ord": 4, "nextQuestion": null, "type": "Single", "createTime": "2014-07-08T19:56:58.417", "valueMax": 10.0}}, {"pk": 40, "model": "survey.question", "fields": {"valueMin": 0.0, "branchNumStyle": "ABC", "createBy": 5, "modifyBy": 5, "text": "\u65b0\u589e\u95ee\u9898", "contentLength": 0, "confused": false, "paper": 30, "modifyTime": "2014-07-08T19:57:02.827", "ord": 5, "nextQuestion": null, "type": "Single", "createTime": "2014-07-08T19:57:02.827", "valueMax": 10.0}}, {"pk": 41, "model": "survey.question", "fields": {"valueMin": 0.0, "branchNumStyle": "ABC", "createBy": 5, "modifyBy": 5, "text": "\u65b0\u589e\u95ee\u9898", "contentLength": 0, "confused": false, "paper": 31, "modifyTime": "2014-07-08T19:57:14.979", "ord": 0, "nextQuestion": null, "type": "Single", "createTime": "2014-07-08T19:57:14.979", "valueMax": 10.0}}, {"pk": 42, "model": "survey.question", "fields": {"valueMin": 0.0, "branchNumStyle": "ABC", "createBy": 5, "modifyBy": 5, "text": "\u65b0\u589e\u95ee\u9898", "contentLength": 0, "confused": false, "paper": 32, "modifyTime": "2014-07-08T19:57:23.626", "ord": 0, "nextQuestion": null, "type": "Single", "createTime": "2014-07-08T19:57:23.626", "valueMax": 10.0}}, {"pk": 43, "model": "survey.question", "fields": {"valueMin": 0.0, "branchNumStyle": "ABC", "createBy": 5, "modifyBy": 5, "text": "\u65b0\u589e\u95ee\u9898", "contentLength": 0, "confused": false, "paper": 32, "modifyTime": "2014-07-08T19:57:26.411", "ord": 1, "nextQuestion": null, "type": "Single", "createTime": "2014-07-08T19:57:26.411", "valueMax": 10.0}}, {"pk": 44, "model": "survey.question", "fields": {"valueMin": 0.0, "branchNumStyle": "ABC", "createBy": 5, "modifyBy": 5, "text": "\u65b0\u589e\u95ee\u9898", "contentLength": 0, "confused": false, "paper": 32, "modifyTime": "2014-07-08T19:57:36.499", "ord": 2, "nextQuestion": null, "type": "Single", "createTime": "2014-07-08T19:57:36.499", "valueMax": 10.0}}, {"pk": 45, "model": "survey.question", "fields": {"valueMin": 0.0, "branchNumStyle": "ABC", "createBy": 5, "modifyBy": 5, "text": "\u65b0\u589e\u95ee\u9898", "contentLength": 0, "confused": false, "paper": 34, "modifyTime": "2014-07-10T19:12:39.288", "ord": 0, "nextQuestion": null, "type": "Single", "createTime": "2014-07-10T19:12:39.288", "valueMax": 10.0}}, {"pk": 46, "model": "survey.question", "fields": {"valueMin": 0.0, "branchNumStyle": "ABC", "createBy": 5, "modifyBy": 5, "text": "\u65b0\u589e\u95ee\u9898", "contentLength": 0, "confused": false, "paper": 55, "modifyTime": "2014-07-12T09:22:55.026", "ord": 0, "nextQuestion": null, "type": "Single", "createTime": "2014-07-12T09:22:55.026", "valueMax": 10.0}}, {"pk": 47, "model": "survey.question", "fields": {"valueMin": 0.0, "branchNumStyle": "ABC", "createBy": 5, "modifyBy": 5, "text": "\u65b0\u589e\u95ee\u9898", "contentLength": 0, "confused": false, "paper": 56, "modifyTime": "2014-07-12T09:23:03.054", "ord": 0, "nextQuestion": null, "type": "Single", "createTime": "2014-07-12T09:23:03.054", "valueMax": 10.0}}, {"pk": 48, "model": "survey.question", "fields": {"valueMin": 0.0, "branchNumStyle": "ABC", "createBy": 5, "modifyBy": 5, "text": "\u65b0\u589e\u95ee\u9898", "contentLength": 0, "confused": false, "paper": 57, "modifyTime": "2014-07-12T09:23:09.779", "ord": 0, "nextQuestion": null, "type": "Single", "createTime": "2014-07-12T09:23:09.779", "valueMax": 10.0}}, {"pk": 49, "model": "survey.question", "fields": {"valueMin": 0.0, "branchNumStyle": "ABC", "createBy": 5, "modifyBy": 5, "text": "\u65b0\u589e\u95ee\u9898", "contentLength": 0, "confused": false, "paper": 57, "modifyTime": "2014-07-12T09:25:49.424", "ord": 1, "nextQuestion": null, "type": "Single", "createTime": "2014-07-12T09:25:49.424", "valueMax": 10.0}}, {"pk": 50, "model": "survey.question", "fields": {"valueMin": 0.0, "branchNumStyle": "ABC", "createBy": 5, "modifyBy": 5, "text": "\u65b0\u589e\u95ee\u9898", "contentLength": 0, "confused": false, "paper": 58, "modifyTime": "2014-07-12T09:27:24.537", "ord": 0, "nextQuestion": null, "type": "Single", "createTime": "2014-07-12T09:27:24.537", "valueMax": 10.0}}, {"pk": 51, "model": "survey.question", "fields": {"valueMin": 0.0, "branchNumStyle": "ABC", "createBy": 5, "modifyBy": 5, "text": "\u65b0\u589e\u95ee\u9898", "contentLength": 0, "confused": false, "paper": 59, "modifyTime": "2014-07-12T09:27:31.697", "ord": 0, "nextQuestion": null, "type": "Single", "createTime": "2014-07-12T09:27:31.697", "valueMax": 10.0}}, {"pk": 52, "model": "survey.question", "fields": {"valueMin": 0.0, "branchNumStyle": "ABC", "createBy": 5, "modifyBy": 5, "text": "\u65b0\u589e\u95ee\u9898", "contentLength": 0, "confused": false, "paper": 59, "modifyTime": "2014-07-12T09:27:34.479", "ord": 1, "nextQuestion": null, "type": "Single", "createTime": "2014-07-12T09:27:34.479", "valueMax": 10.0}}, {"pk": 53, "model": "survey.question", "fields": {"valueMin": 0.0, "branchNumStyle": "ABC", "createBy": 5, "modifyBy": 5, "text": "\u65b0\u589e\u95ee\u9898", "contentLength": 0, "confused": false, "paper": 59, "modifyTime": "2014-07-12T09:27:37.024", "ord": 2, "nextQuestion": null, "type": "Single", "createTime": "2014-07-12T09:27:37.024", "valueMax": 10.0}}, {"pk": 54, "model": "survey.question", "fields": {"valueMin": 0.0, "branchNumStyle": "ABC", "createBy": 5, "modifyBy": 5, "text": "\u65b0\u589e\u95ee\u9898", "contentLength": 0, "confused": false, "paper": 59, "modifyTime": "2014-07-12T09:27:40.960", "ord": 3, "nextQuestion": null, "type": "Single", "createTime": "2014-07-12T09:27:40.960", "valueMax": 10.0}}, {"pk": 55, "model": "survey.question", "fields": {"valueMin": 0.0, "branchNumStyle": "ABC", "createBy": 5, "modifyBy": 5, "text": "\u65b0\u589e\u95ee\u9898", "contentLength": 0, "confused": false, "paper": 59, "modifyTime": "2014-07-12T09:27:47.247", "ord": 4, "nextQuestion": null, "type": "Single", "createTime": "2014-07-12T09:27:47.247", "valueMax": 10.0}}, {"pk": 56, "model": "survey.question", "fields": {"valueMin": 0.0, "branchNumStyle": "ABC", "createBy": 5, "modifyBy": 5, "text": "\u65b0\u589e\u95ee\u9898", "contentLength": 0, "confused": false, "paper": 59, "modifyTime": "2014-07-12T09:27:54.240", "ord": 5, "nextQuestion": null, "type": "Single", "createTime": "2014-07-12T09:27:54.240", "valueMax": 10.0}}, {"pk": 57, "model": "survey.question", "fields": {"valueMin": 0.0, "branchNumStyle": "ABC", "createBy": 5, "modifyBy": 5, "text": "\u65b0\u589e\u95ee\u9898", "contentLength": 0, "confused": false, "paper": 59, "modifyTime": "2014-07-12T09:28:01.521", "ord": 6, "nextQuestion": null, "type": "Single", "createTime": "2014-07-12T09:28:01.520", "valueMax": 10.0}}, {"pk": 58, "model": "survey.question", "fields": {"valueMin": 0.0, "branchNumStyle": "ABC", "createBy": 5, "modifyBy": 5, "text": "\u65b0\u589e\u95ee\u9898", "contentLength": 0, "confused": false, "paper": 60, "modifyTime": "2014-07-12T09:59:01.642", "ord": 0, "nextQuestion": null, "type": "Single", "createTime": "2014-07-12T09:59:01.642", "valueMax": 10.0}}, {"pk": 59, "model": "survey.question", "fields": {"valueMin": 0.0, "branchNumStyle": "ABC", "createBy": 5, "modifyBy": 5, "text": "\u65b0\u589e\u95ee\u9898", "contentLength": 0, "confused": false, "paper": 60, "modifyTime": "2014-07-12T09:59:04.495", "ord": 1, "nextQuestion": null, "type": "Single", "createTime": "2014-07-12T09:59:04.495", "valueMax": 10.0}}, {"pk": 60, "model": "survey.question", "fields": {"valueMin": 0.0, "branchNumStyle": "ABC", "createBy": 5, "modifyBy": 5, "text": "\u65b0\u589e\u95ee\u9898", "contentLength": 0, "confused": false, "paper": 60, "modifyTime": "2014-07-12T09:59:08.736", "ord": 2, "nextQuestion": null, "type": "Single", "createTime": "2014-07-12T09:59:08.736", "valueMax": 10.0}}, {"pk": 61, "model": "survey.question", "fields": {"valueMin": 0.0, "branchNumStyle": "ABC", "createBy": 5, "modifyBy": 5, "text": "\u65b0\u589e\u95ee\u9898", "contentLength": 0, "confused": false, "paper": 60, "modifyTime": "2014-07-12T09:59:11.735", "ord": 3, "nextQuestion": null, "type": "Single", "createTime": "2014-07-12T09:59:11.735", "valueMax": 10.0}}, {"pk": 62, "model": "survey.question", "fields": {"valueMin": 0.0, "branchNumStyle": "ABC", "createBy": 5, "modifyBy": 5, "text": "\u65b0\u589e\u95ee\u9898", "contentLength": 0, "confused": false, "paper": 65, "modifyTime": "2014-07-12T10:01:57.398", "ord": 0, "nextQuestion": null, "type": "Single", "createTime": "2014-07-12T10:01:57.398", "valueMax": 10.0}}, {"pk": 63, "model": "survey.question", "fields": {"valueMin": 0.0, "branchNumStyle": "ABC", "createBy": 5, "modifyBy": 5, "text": "\u65b0\u589e\u95ee\u9898", "contentLength": 0, "confused": false, "paper": 65, "modifyTime": "2014-07-12T10:02:00.498", "ord": 1, "nextQuestion": null, "type": "Single", "createTime": "2014-07-12T10:02:00.498", "valueMax": 10.0}}, {"pk": 65, "model": "survey.question", "fields": {"valueMin": 0.0, "branchNumStyle": "ABC", "createBy": 5, "modifyBy": 5, "text": "\u65b0\u589e\u95ee\u9898", "contentLength": 0, "confused": false, "paper": 66, "modifyTime": "2014-07-12T20:35:03.007", "ord": 0, "nextQuestion": null, "type": "Single", "createTime": "2014-07-12T20:35:03.007", "valueMax": 10.0}}, {"pk": 66, "model": "survey.question", "fields": {"valueMin": 0.0, "branchNumStyle": "ABC", "createBy": 5, "modifyBy": 5, "text": "\u65b0\u589e\u95ee\u9898", "contentLength": 0, "confused": false, "paper": 66, "modifyTime": "2014-07-12T20:35:06.557", "ord": 1, "nextQuestion": null, "type": "Single", "createTime": "2014-07-12T20:35:06.557", "valueMax": 10.0}}, {"pk": 67, "model": "survey.question", "fields": {"valueMin": 0.0, "branchNumStyle": "ABC", "createBy": 5, "modifyBy": 5, "text": "\u65b0\u589e\u95ee\u9898", "contentLength": 0, "confused": false, "paper": 66, "modifyTime": "2014-07-12T20:45:37.566", "ord": 2, "nextQuestion": null, "type": "Single", "createTime": "2014-07-12T20:45:37.566", "valueMax": 10.0}}, {"pk": 68, "model": "survey.question", "fields": {"valueMin": 0.0, "branchNumStyle": "ABC", "createBy": 5, "modifyBy": 5, "text": "\u65b0\u589e\u95ee\u9898", "contentLength": 0, "confused": false, "paper": 66, "modifyTime": "2014-07-12T20:45:41.386", "ord": 3, "nextQuestion": null, "type": "Single", "createTime": "2014-07-12T20:45:41.386", "valueMax": 10.0}}, {"pk": 69, "model": "survey.question", "fields": {"valueMin": 0.0, "branchNumStyle": "ABC", "createBy": 5, "modifyBy": 5, "text": "\u65b0\u589e\u95ee\u9898", "contentLength": 0, "confused": false, "paper": 66, "modifyTime": "2014-07-12T20:45:56.965", "ord": 4, "nextQuestion": null, "type": "Single", "createTime": "2014-07-12T20:45:45.659", "valueMax": 10.0}}, {"pk": 70, "model": "survey.question", "fields": {"valueMin": 0.0, "branchNumStyle": "ABC", "createBy": 1, "modifyBy": 1, "text": "\u65b0\u589e\u95ee\u9898", "contentLength": 0, "confused": true, "paper": 51, "modifyTime": "2014-07-26T07:43:10.386", "ord": 0, "nextQuestion": null, "type": "Single", "createTime": "2014-07-26T07:42:49.653", "valueMax": 10.0}}, {"pk": 71, "model": "survey.question", "fields": {"valueMin": 0.0, "branchNumStyle": "ABC", "createBy": 1, "modifyBy": 1, "text": "\u65b0\u589e\u95ee\u9898", "contentLength": 0, "confused": false, "paper": 51, "modifyTime": "2014-07-26T07:42:53.055", "ord": 1, "nextQuestion": null, "type": "Single", "createTime": "2014-07-26T07:42:53.055", "valueMax": 10.0}}, {"pk": 1, "model": "survey.questioncatalog", "fields": {"code": "SystemPredefined", "name": "\u7cfb\u7edf\u9884\u5b9a\u4e49", "parent": null, "createBy": 6, "modifyTime": "2014-07-26T08:29:23", "ord": 0, "createTime": "2014-07-26T08:29:23", "modifyBy": 6}}, {"pk": 1, "model": "survey.questioncatalogquestion", "fields": {"createBy": 6, "modifyBy": 6, "question": 5, "modifyTime": "2014-07-26T08:38:40", "ord": 0, "createTime": "2014-07-26T08:38:40", "questionCatalog": 1}}, {"pk": 2, "model": "survey.questioncatalogquestion", "fields": {"createBy": 6, "modifyBy": 6, "question": 6, "modifyTime": "2014-07-26T08:39:12", "ord": 0, "createTime": "2014-07-26T08:39:12", "questionCatalog": 1}}, {"pk": 3, "model": "survey.branch", "fields": {"createBy": 1, "modifyBy": 1, "text": "\u6dd8\u5b9d", "question": 2, "modifyTime": "2014-07-02T10:22:25.796", "ord": 0, "createTime": "2014-05-21T16:29:40", "nextQuestion": null}}, {"pk": 4, "model": "survey.branch", "fields": {"createBy": 1, "modifyBy": 1, "text": "\u4eac\u4e1c", "question": 2, "modifyTime": "2014-06-29T19:24:42.125", "ord": 1, "createTime": "2014-05-21T16:31:25", "nextQuestion": null}}, {"pk": 5, "model": "survey.branch", "fields": {"createBy": 1, "modifyBy": 1, "text": "\u5f53\u5f53", "question": 2, "modifyTime": "2014-06-29T20:00:30.984", "ord": 2, "createTime": "2014-05-21T16:54:23", "nextQuestion": 7}}, {"pk": 7, "model": "survey.branch", "fields": {"createBy": 1, "modifyBy": 1, "text": "\u7269\u54c1\u4e30\u5bcc", "question": 3, "modifyTime": "2014-07-02T10:02:05.171", "ord": 0, "createTime": "2014-05-21T16:54:23", "nextQuestion": 7}}, {"pk": 8, "model": "survey.branch", "fields": {"createBy": 1, "modifyBy": 1, "text": "\u7269\u6d41\u901f\u5ea6", "question": 3, "modifyTime": "2014-07-02T09:32:27.125", "ord": 1, "createTime": "2014-05-21T16:54:23", "nextQuestion": null}}, {"pk": 9, "model": "survey.branch", "fields": {"createBy": 1, "modifyBy": 1, "text": "\u5728\u7ebf\u5ba2\u670d", "question": 3, "modifyTime": "2014-07-02T10:02:01.796", "ord": 2, "createTime": "2014-05-21T16:54:23", "nextQuestion": null}}, {"pk": 10, "model": "survey.branch", "fields": {"createBy": 1, "modifyBy": 1, "text": "\u7269\u54c1\u4e30\u5bcc11", "question": 4, "modifyTime": "2014-07-02T09:33:23.343", "ord": 0, "createTime": "2014-05-21T16:54:23", "nextQuestion": null}}, {"pk": 11, "model": "survey.branch", "fields": {"createBy": 1, "modifyBy": 1, "text": "\u7269\u6d41\u901f\u5ea6", "question": 4, "modifyTime": "2014-07-02T09:32:17.406", "ord": 1, "createTime": "2014-05-21T16:54:23", "nextQuestion": null}}, {"pk": 12, "model": "survey.branch", "fields": {"createBy": 1, "modifyBy": 1, "text": "\u5728\u7ebf\u5ba2\u670d", "question": 4, "modifyTime": "2014-07-02T09:32:45.671", "ord": 2, "createTime": "2014-05-21T16:54:23", "nextQuestion": null}}, {"pk": 13, "model": "survey.branch", "fields": {"createBy": 1, "modifyBy": 1, "text": "\u662f", "question": 1, "modifyTime": "2014-07-02T10:30:22.140", "ord": 0, "createTime": "2014-06-22T21:16:52.771", "nextQuestion": 2}}, {"pk": 14, "model": "survey.branch", "fields": {"createBy": 1, "modifyBy": 1, "text": "\u5426", "question": 1, "modifyTime": "2014-07-08T14:49:15.203", "ord": 1, "createTime": "2014-06-22T21:16:54.598", "nextQuestion": null}}, {"pk": 26, "model": "survey.branch", "fields": {"createBy": 1, "modifyBy": 1, "text": "\u9009\u98791", "question": 7, "modifyTime": "2014-07-02T08:46:15.390", "ord": 0, "createTime": "2014-06-24T17:46:54.827", "nextQuestion": null}}, {"pk": 27, "model": "survey.branch", "fields": {"createBy": 1, "modifyBy": 1, "text": "\u9009\u98792", "question": 7, "modifyTime": "2014-07-02T08:45:51.812", "ord": 1, "createTime": "2014-06-24T17:46:54.952", "nextQuestion": null}}, {"pk": 28, "model": "survey.branch", "fields": {"createBy": 1, "modifyBy": 1, "text": "\u65b0\u589e\u9009\u9879", "question": 7, "modifyTime": "2014-07-02T08:45:58.015", "ord": 2, "createTime": "2014-06-25T20:27:47.186", "nextQuestion": null}}, {"pk": 29, "model": "survey.branch", "fields": {"createBy": 1, "modifyBy": 1, "text": "\u65b0\u589e\u9009\u9879", "question": 7, "modifyTime": "2014-07-02T08:46:01.859", "ord": 3, "createTime": "2014-06-25T20:28:01.949", "nextQuestion": null}}, {"pk": 54, "model": "survey.branch", "fields": {"createBy": 1, "modifyBy": 1, "text": "\u65b0\u589e\u9009\u9879", "question": 7, "modifyTime": "2014-07-02T08:46:06.062", "ord": 4, "createTime": "2014-06-26T15:53:47.546", "nextQuestion": null}}, {"pk": 78, "model": "survey.branch", "fields": {"createBy": 1, "modifyBy": 1, "text": "\u9009\u98791", "question": 8, "modifyTime": "2014-07-02T10:19:05.421", "ord": 0, "createTime": "2014-07-02T10:19:05.421", "nextQuestion": null}}, {"pk": 79, "model": "survey.branch", "fields": {"createBy": 1, "modifyBy": 1, "text": "\u9009\u98792", "question": 8, "modifyTime": "2014-07-02T10:19:05.593", "ord": 1, "createTime": "2014-07-02T10:19:05.593", "nextQuestion": null}}, {"pk": 80, "model": "survey.branch", "fields": {"createBy": 1, "modifyBy": 1, "text": "\u9009\u98791", "question": 9, "modifyTime": "2014-07-02T10:19:14.765", "ord": 0, "createTime": "2014-07-02T10:19:14.765", "nextQuestion": null}}, {"pk": 81, "model": "survey.branch", "fields": {"createBy": 1, "modifyBy": 1, "text": "\u9009\u98792", "question": 9, "modifyTime": "2014-07-02T10:19:14.968", "ord": 1, "createTime": "2014-07-02T10:19:14.968", "nextQuestion": null}}, {"pk": 82, "model": "survey.branch", "fields": {"createBy": 1, "modifyBy": 1, "text": "\u9009\u98791", "question": 10, "modifyTime": "2014-07-02T10:19:22.734", "ord": 0, "createTime": "2014-07-02T10:19:22.734", "nextQuestion": null}}, {"pk": 83, "model": "survey.branch", "fields": {"createBy": 1, "modifyBy": 1, "text": "\u9009\u98792", "question": 10, "modifyTime": "2014-07-02T10:19:22.906", "ord": 1, "createTime": "2014-07-02T10:19:22.906", "nextQuestion": null}}, {"pk": 84, "model": "survey.branch", "fields": {"createBy": 1, "modifyBy": 1, "text": "\u65b0\u589e\u9009\u9879", "question": 1, "modifyTime": "2014-07-08T14:49:18.781", "ord": 2, "createTime": "2014-07-02T10:30:27.531", "nextQuestion": 5}}, {"pk": 85, "model": "survey.branch", "fields": {"createBy": 1, "modifyBy": 1, "text": "\u65b0\u589e\u9009\u9879", "question": 1, "modifyTime": "2014-07-02T10:30:28.750", "ord": 3, "createTime": "2014-07-02T10:30:28.750", "nextQuestion": null}}, {"pk": 92, "model": "survey.branch", "fields": {"createBy": 1, "modifyBy": 1, "text": "\u9009\u98791", "question": 14, "modifyTime": "2014-07-08T17:24:50.069", "ord": 0, "createTime": "2014-07-08T17:24:50.069", "nextQuestion": null}}, {"pk": 93, "model": "survey.branch", "fields": {"createBy": 1, "modifyBy": 1, "text": "\u9009\u98792", "question": 14, "modifyTime": "2014-07-08T17:24:50.412", "ord": 1, "createTime": "2014-07-08T17:24:50.412", "nextQuestion": null}}, {"pk": 94, "model": "survey.branch", "fields": {"createBy": 1, "modifyBy": 1, "text": "\u9009\u98791", "question": 15, "modifyTime": "2014-07-08T17:28:55.053", "ord": 0, "createTime": "2014-07-08T17:28:55.053", "nextQuestion": null}}, {"pk": 95, "model": "survey.branch", "fields": {"createBy": 1, "modifyBy": 1, "text": "\u9009\u98792", "question": 15, "modifyTime": "2014-07-08T17:28:55.303", "ord": 1, "createTime": "2014-07-08T17:28:55.303", "nextQuestion": null}}, {"pk": 108, "model": "survey.branch", "fields": {"createBy": 1, "modifyBy": 1, "text": "\u9009\u98791", "question": 19, "modifyTime": "2014-07-08T19:26:27.338", "ord": 0, "createTime": "2014-07-08T19:26:27.338", "nextQuestion": null}}, {"pk": 109, "model": "survey.branch", "fields": {"createBy": 1, "modifyBy": 1, "text": "\u9009\u98792", "question": 19, "modifyTime": "2014-07-08T19:26:27.556", "ord": 1, "createTime": "2014-07-08T19:26:27.556", "nextQuestion": null}}, {"pk": 113, "model": "survey.branch", "fields": {"createBy": 1, "modifyBy": 1, "text": "\u65b0\u589e\u9009\u9879", "question": 20, "modifyTime": "2014-07-08T19:32:53.768", "ord": 0, "createTime": "2014-07-08T19:32:53.768", "nextQuestion": null}}, {"pk": 116, "model": "survey.branch", "fields": {"createBy": 1, "modifyBy": 1, "text": "\u65b0\u589e\u9009\u9879", "question": 20, "modifyTime": "2014-07-08T19:35:25.867", "ord": 1, "createTime": "2014-07-08T19:35:25.867", "nextQuestion": null}}, {"pk": 117, "model": "survey.branch", "fields": {"createBy": 1, "modifyBy": 1, "text": "\u65b0\u589e\u9009\u9879", "question": 20, "modifyTime": "2014-07-08T19:35:26.921", "ord": 2, "createTime": "2014-07-08T19:35:26.921", "nextQuestion": null}}, {"pk": 118, "model": "survey.branch", "fields": {"createBy": 1, "modifyBy": 1, "text": "\u65b0\u589e\u9009\u9879", "question": 20, "modifyTime": "2014-07-08T19:35:27.787", "ord": 3, "createTime": "2014-07-08T19:35:27.787", "nextQuestion": null}}, {"pk": 119, "model": "survey.branch", "fields": {"createBy": 1, "modifyBy": 1, "text": "\u65b0\u589e\u9009\u9879", "question": 20, "modifyTime": "2014-07-08T19:35:28.977", "ord": 4, "createTime": "2014-07-08T19:35:28.977", "nextQuestion": null}}, {"pk": 120, "model": "survey.branch", "fields": {"createBy": 1, "modifyBy": 1, "text": "\u9009\u98791", "question": 21, "modifyTime": "2014-07-08T19:35:48.716", "ord": 0, "createTime": "2014-07-08T19:35:48.716", "nextQuestion": null}}, {"pk": 121, "model": "survey.branch", "fields": {"createBy": 1, "modifyBy": 1, "text": "\u9009\u98792", "question": 21, "modifyTime": "2014-07-08T19:35:48.958", "ord": 1, "createTime": "2014-07-08T19:35:48.958", "nextQuestion": null}}, {"pk": 122, "model": "survey.branch", "fields": {"createBy": 1, "modifyBy": 1, "text": "\u9009\u98791", "question": 22, "modifyTime": "2014-07-08T19:35:57.206", "ord": 0, "createTime": "2014-07-08T19:35:57.206", "nextQuestion": null}}, {"pk": 123, "model": "survey.branch", "fields": {"createBy": 1, "modifyBy": 1, "text": "\u9009\u98792", "question": 22, "modifyTime": "2014-07-08T19:35:57.396", "ord": 1, "createTime": "2014-07-08T19:35:57.396", "nextQuestion": null}}, {"pk": 124, "model": "survey.branch", "fields": {"createBy": 1, "modifyBy": 1, "text": "\u9009\u98791", "question": 23, "modifyTime": "2014-07-08T19:36:01.230", "ord": 0, "createTime": "2014-07-08T19:36:01.230", "nextQuestion": null}}, {"pk": 126, "model": "survey.branch", "fields": {"createBy": 1, "modifyBy": 1, "text": "\u65b0\u589e\u9009\u9879", "question": 23, "modifyTime": "2014-07-08T19:36:29.755", "ord": 1, "createTime": "2014-07-08T19:36:12.861", "nextQuestion": 5}}, {"pk": 127, "model": "survey.branch", "fields": {"createBy": 1, "modifyBy": 1, "text": "\u65b0\u589e\u9009\u9879", "question": 23, "modifyTime": "2014-07-08T19:36:13.846", "ord": 2, "createTime": "2014-07-08T19:36:13.846", "nextQuestion": null}}, {"pk": 129, "model": "survey.branch", "fields": {"createBy": 1, "modifyBy": 1, "text": "\u65b0\u589e\u9009\u9879", "question": 23, "modifyTime": "2014-07-08T19:36:44.759", "ord": 3, "createTime": "2014-07-08T19:36:44.759", "nextQuestion": null}}, {"pk": 130, "model": "survey.branch", "fields": {"createBy": 1, "modifyBy": 1, "text": "\u65b0\u589e\u9009\u9879", "question": 23, "modifyTime": "2014-07-08T19:36:45.908", "ord": 4, "createTime": "2014-07-08T19:36:45.908", "nextQuestion": null}}, {"pk": 131, "model": "survey.branch", "fields": {"createBy": 1, "modifyBy": 1, "text": "\u65b0\u589e\u9009\u9879", "question": 23, "modifyTime": "2014-07-08T19:43:12.949", "ord": 5, "createTime": "2014-07-08T19:43:12.949", "nextQuestion": null}}, {"pk": 132, "model": "survey.branch", "fields": {"createBy": 1, "modifyBy": 1, "text": "\u65b0\u589e\u9009\u9879", "question": 23, "modifyTime": "2014-07-08T19:43:13.920", "ord": 6, "createTime": "2014-07-08T19:43:13.920", "nextQuestion": null}}, {"pk": 133, "model": "survey.branch", "fields": {"createBy": 1, "modifyBy": 1, "text": "\u9009\u98791", "question": 24, "modifyTime": "2014-07-08T19:43:17.849", "ord": 0, "createTime": "2014-07-08T19:43:17.849", "nextQuestion": null}}, {"pk": 134, "model": "survey.branch", "fields": {"createBy": 1, "modifyBy": 1, "text": "\u9009\u98792", "question": 24, "modifyTime": "2014-07-08T19:43:18.034", "ord": 1, "createTime": "2014-07-08T19:43:18.034", "nextQuestion": null}}, {"pk": 135, "model": "survey.branch", "fields": {"createBy": 1, "modifyBy": 1, "text": "\u65b0\u589e\u9009\u9879", "question": 24, "modifyTime": "2014-07-08T19:43:19.730", "ord": 2, "createTime": "2014-07-08T19:43:19.730", "nextQuestion": null}}, {"pk": 136, "model": "survey.branch", "fields": {"createBy": 1, "modifyBy": 1, "text": "\u65b0\u589e\u9009\u9879", "question": 24, "modifyTime": "2014-07-08T19:43:20.761", "ord": 3, "createTime": "2014-07-08T19:43:20.761", "nextQuestion": null}}, {"pk": 137, "model": "survey.branch", "fields": {"createBy": 4, "modifyBy": 4, "text": "\u9009\u98791", "question": 25, "modifyTime": "2014-07-08T19:52:20.061", "ord": 0, "createTime": "2014-07-08T19:52:20.061", "nextQuestion": null}}, {"pk": 138, "model": "survey.branch", "fields": {"createBy": 4, "modifyBy": 4, "text": "\u9009\u98792", "question": 25, "modifyTime": "2014-07-08T19:52:20.213", "ord": 1, "createTime": "2014-07-08T19:52:20.213", "nextQuestion": null}}, {"pk": 139, "model": "survey.branch", "fields": {"createBy": 4, "modifyBy": 4, "text": "\u9009\u98791", "question": 26, "modifyTime": "2014-07-08T19:52:23.190", "ord": 0, "createTime": "2014-07-08T19:52:23.190", "nextQuestion": null}}, {"pk": 140, "model": "survey.branch", "fields": {"createBy": 4, "modifyBy": 4, "text": "\u9009\u98792", "question": 26, "modifyTime": "2014-07-08T19:52:23.350", "ord": 1, "createTime": "2014-07-08T19:52:23.350", "nextQuestion": null}}, {"pk": 141, "model": "survey.branch", "fields": {"createBy": 4, "modifyBy": 4, "text": "\u9009\u98791", "question": 27, "modifyTime": "2014-07-08T19:52:38.368", "ord": 0, "createTime": "2014-07-08T19:52:38.368", "nextQuestion": null}}, {"pk": 142, "model": "survey.branch", "fields": {"createBy": 4, "modifyBy": 4, "text": "\u9009\u98792", "question": 27, "modifyTime": "2014-07-08T19:52:38.545", "ord": 1, "createTime": "2014-07-08T19:52:38.545", "nextQuestion": null}}, {"pk": 143, "model": "survey.branch", "fields": {"createBy": 4, "modifyBy": 4, "text": "\u9009\u98791", "question": 28, "modifyTime": "2014-07-08T19:52:50.334", "ord": 0, "createTime": "2014-07-08T19:52:50.334", "nextQuestion": null}}, {"pk": 144, "model": "survey.branch", "fields": {"createBy": 4, "modifyBy": 4, "text": "\u9009\u98792", "question": 28, "modifyTime": "2014-07-08T19:52:50.494", "ord": 1, "createTime": "2014-07-08T19:52:50.494", "nextQuestion": null}}, {"pk": 145, "model": "survey.branch", "fields": {"createBy": 4, "modifyBy": 4, "text": "\u9009\u98791", "question": 29, "modifyTime": "2014-07-08T19:52:53.464", "ord": 0, "createTime": "2014-07-08T19:52:53.464", "nextQuestion": null}}, {"pk": 146, "model": "survey.branch", "fields": {"createBy": 4, "modifyBy": 4, "text": "\u9009\u98792", "question": 29, "modifyTime": "2014-07-08T19:52:53.616", "ord": 1, "createTime": "2014-07-08T19:52:53.616", "nextQuestion": null}}, {"pk": 147, "model": "survey.branch", "fields": {"createBy": 4, "modifyBy": 4, "text": "\u9009\u98791", "question": 30, "modifyTime": "2014-07-08T19:53:08.127", "ord": 0, "createTime": "2014-07-08T19:53:08.127", "nextQuestion": null}}, {"pk": 148, "model": "survey.branch", "fields": {"createBy": 4, "modifyBy": 4, "text": "\u9009\u98792", "question": 30, "modifyTime": "2014-07-08T19:53:08.310", "ord": 1, "createTime": "2014-07-08T19:53:08.310", "nextQuestion": null}}, {"pk": 149, "model": "survey.branch", "fields": {"createBy": 4, "modifyBy": 4, "text": "\u9009\u98791", "question": 31, "modifyTime": "2014-07-08T19:53:11.534", "ord": 0, "createTime": "2014-07-08T19:53:11.534", "nextQuestion": null}}, {"pk": 150, "model": "survey.branch", "fields": {"createBy": 4, "modifyBy": 4, "text": "\u9009\u98792", "question": 31, "modifyTime": "2014-07-08T19:53:11.788", "ord": 1, "createTime": "2014-07-08T19:53:11.788", "nextQuestion": null}}, {"pk": 151, "model": "survey.branch", "fields": {"createBy": 4, "modifyBy": 4, "text": "\u65b0\u589e\u9009\u9879", "question": 31, "modifyTime": "2014-07-08T19:53:16.259", "ord": 2, "createTime": "2014-07-08T19:53:16.259", "nextQuestion": null}}, {"pk": 152, "model": "survey.branch", "fields": {"createBy": 4, "modifyBy": 4, "text": "\u65b0\u589e\u9009\u9879", "question": 31, "modifyTime": "2014-07-08T19:53:17.264", "ord": 3, "createTime": "2014-07-08T19:53:17.264", "nextQuestion": null}}, {"pk": 153, "model": "survey.branch", "fields": {"createBy": 5, "modifyBy": 5, "text": "\u9009\u98791", "question": 32, "modifyTime": "2014-07-08T19:55:49.863", "ord": 0, "createTime": "2014-07-08T19:55:49.863", "nextQuestion": null}}, {"pk": 154, "model": "survey.branch", "fields": {"createBy": 5, "modifyBy": 5, "text": "\u9009\u98792", "question": 32, "modifyTime": "2014-07-08T19:55:50.167", "ord": 1, "createTime": "2014-07-08T19:55:50.167", "nextQuestion": null}}, {"pk": 155, "model": "survey.branch", "fields": {"createBy": 5, "modifyBy": 5, "text": "\u9009\u98791", "question": 33, "modifyTime": "2014-07-08T19:55:53.099", "ord": 0, "createTime": "2014-07-08T19:55:53.099", "nextQuestion": null}}, {"pk": 156, "model": "survey.branch", "fields": {"createBy": 5, "modifyBy": 5, "text": "\u9009\u98792", "question": 33, "modifyTime": "2014-07-08T19:55:53.284", "ord": 1, "createTime": "2014-07-08T19:55:53.284", "nextQuestion": null}}, {"pk": 157, "model": "survey.branch", "fields": {"createBy": 5, "modifyBy": 5, "text": "\u9009\u98791", "question": 34, "modifyTime": "2014-07-08T19:55:56.067", "ord": 0, "createTime": "2014-07-08T19:55:56.067", "nextQuestion": null}}, {"pk": 158, "model": "survey.branch", "fields": {"createBy": 5, "modifyBy": 5, "text": "\u9009\u98792", "question": 34, "modifyTime": "2014-07-08T19:55:56.236", "ord": 1, "createTime": "2014-07-08T19:55:56.236", "nextQuestion": null}}, {"pk": 159, "model": "survey.branch", "fields": {"createBy": 5, "modifyBy": 5, "text": "\u9009\u98791", "question": 35, "modifyTime": "2014-07-08T19:56:10.859", "ord": 0, "createTime": "2014-07-08T19:56:10.859", "nextQuestion": null}}, {"pk": 160, "model": "survey.branch", "fields": {"createBy": 5, "modifyBy": 5, "text": "\u9009\u98792", "question": 35, "modifyTime": "2014-07-08T19:56:11.168", "ord": 1, "createTime": "2014-07-08T19:56:11.168", "nextQuestion": null}}, {"pk": 161, "model": "survey.branch", "fields": {"createBy": 5, "modifyBy": 5, "text": "\u9009\u98791", "question": 36, "modifyTime": "2014-07-08T19:56:14.058", "ord": 0, "createTime": "2014-07-08T19:56:14.058", "nextQuestion": null}}, {"pk": 162, "model": "survey.branch", "fields": {"createBy": 5, "modifyBy": 5, "text": "\u9009\u98792", "question": 36, "modifyTime": "2014-07-08T19:56:14.185", "ord": 1, "createTime": "2014-07-08T19:56:14.185", "nextQuestion": null}}, {"pk": 163, "model": "survey.branch", "fields": {"createBy": 5, "modifyBy": 5, "text": "\u65b0\u589e\u9009\u9879", "question": 35, "modifyTime": "2014-07-08T19:56:16.484", "ord": 2, "createTime": "2014-07-08T19:56:16.484", "nextQuestion": null}}, {"pk": 164, "model": "survey.branch", "fields": {"createBy": 5, "modifyBy": 5, "text": "\u65b0\u589e\u9009\u9879", "question": 35, "modifyTime": "2014-07-08T19:56:17.443", "ord": 3, "createTime": "2014-07-08T19:56:17.443", "nextQuestion": null}}, {"pk": 165, "model": "survey.branch", "fields": {"createBy": 5, "modifyBy": 5, "text": "\u65b0\u589e\u9009\u9879", "question": 36, "modifyTime": "2014-07-08T19:56:19.886", "ord": 2, "createTime": "2014-07-08T19:56:19.886", "nextQuestion": null}}, {"pk": 166, "model": "survey.branch", "fields": {"createBy": 5, "modifyBy": 5, "text": "\u65b0\u589e\u9009\u9879", "question": 36, "modifyTime": "2014-07-08T19:56:21.629", "ord": 3, "createTime": "2014-07-08T19:56:21.629", "nextQuestion": null}}, {"pk": 167, "model": "survey.branch", "fields": {"createBy": 5, "modifyBy": 5, "text": "\u9009\u98791", "question": 37, "modifyTime": "2014-07-08T19:56:25.226", "ord": 0, "createTime": "2014-07-08T19:56:25.226", "nextQuestion": null}}, {"pk": 168, "model": "survey.branch", "fields": {"createBy": 5, "modifyBy": 5, "text": "\u9009\u98792", "question": 37, "modifyTime": "2014-07-08T19:56:25.370", "ord": 1, "createTime": "2014-07-08T19:56:25.370", "nextQuestion": null}}, {"pk": 169, "model": "survey.branch", "fields": {"createBy": 5, "modifyBy": 5, "text": "\u65b0\u589e\u9009\u9879", "question": 37, "modifyTime": "2014-07-08T19:56:27.304", "ord": 2, "createTime": "2014-07-08T19:56:27.304", "nextQuestion": null}}, {"pk": 170, "model": "survey.branch", "fields": {"createBy": 5, "modifyBy": 5, "text": "\u65b0\u589e\u9009\u9879", "question": 37, "modifyTime": "2014-07-08T19:56:29.386", "ord": 3, "createTime": "2014-07-08T19:56:29.386", "nextQuestion": null}}, {"pk": 171, "model": "survey.branch", "fields": {"createBy": 5, "modifyBy": 5, "text": "\u65b0\u589e\u9009\u9879", "question": 37, "modifyTime": "2014-07-08T19:56:30.376", "ord": 4, "createTime": "2014-07-08T19:56:30.376", "nextQuestion": null}}, {"pk": 172, "model": "survey.branch", "fields": {"createBy": 5, "modifyBy": 5, "text": "\u9009\u98791", "question": 38, "modifyTime": "2014-07-08T19:56:39.720", "ord": 0, "createTime": "2014-07-08T19:56:39.720", "nextQuestion": null}}, {"pk": 173, "model": "survey.branch", "fields": {"createBy": 5, "modifyBy": 5, "text": "\u9009\u98792", "question": 38, "modifyTime": "2014-07-08T19:56:39.971", "ord": 1, "createTime": "2014-07-08T19:56:39.970", "nextQuestion": null}}, {"pk": 174, "model": "survey.branch", "fields": {"createBy": 5, "modifyBy": 5, "text": "\u65b0\u589e\u9009\u9879", "question": 38, "modifyTime": "2014-07-08T19:56:45.634", "ord": 2, "createTime": "2014-07-08T19:56:45.634", "nextQuestion": null}}, {"pk": 175, "model": "survey.branch", "fields": {"createBy": 5, "modifyBy": 5, "text": "\u65b0\u589e\u9009\u9879", "question": 38, "modifyTime": "2014-07-08T19:56:47.017", "ord": 3, "createTime": "2014-07-08T19:56:47.017", "nextQuestion": null}}, {"pk": 176, "model": "survey.branch", "fields": {"createBy": 5, "modifyBy": 5, "text": "\u65b0\u589e\u9009\u9879", "question": 38, "modifyTime": "2014-07-08T19:56:55.825", "ord": 4, "createTime": "2014-07-08T19:56:55.825", "nextQuestion": null}}, {"pk": 177, "model": "survey.branch", "fields": {"createBy": 5, "modifyBy": 5, "text": "\u9009\u98791", "question": 39, "modifyTime": "2014-07-08T19:56:58.653", "ord": 0, "createTime": "2014-07-08T19:56:58.653", "nextQuestion": null}}, {"pk": 178, "model": "survey.branch", "fields": {"createBy": 5, "modifyBy": 5, "text": "\u9009\u98792", "question": 39, "modifyTime": "2014-07-08T19:56:58.814", "ord": 1, "createTime": "2014-07-08T19:56:58.813", "nextQuestion": null}}, {"pk": 179, "model": "survey.branch", "fields": {"createBy": 5, "modifyBy": 5, "text": "\u9009\u98791", "question": 40, "modifyTime": "2014-07-08T19:57:03.073", "ord": 0, "createTime": "2014-07-08T19:57:03.073", "nextQuestion": null}}, {"pk": 180, "model": "survey.branch", "fields": {"createBy": 5, "modifyBy": 5, "text": "\u9009\u98792", "question": 40, "modifyTime": "2014-07-08T19:57:03.245", "ord": 1, "createTime": "2014-07-08T19:57:03.245", "nextQuestion": null}}, {"pk": 181, "model": "survey.branch", "fields": {"createBy": 5, "modifyBy": 5, "text": "\u9009\u98791", "question": 41, "modifyTime": "2014-07-08T19:57:15.203", "ord": 0, "createTime": "2014-07-08T19:57:15.203", "nextQuestion": null}}, {"pk": 182, "model": "survey.branch", "fields": {"createBy": 5, "modifyBy": 5, "text": "\u9009\u98792", "question": 41, "modifyTime": "2014-07-08T19:57:15.355", "ord": 1, "createTime": "2014-07-08T19:57:15.355", "nextQuestion": null}}, {"pk": 183, "model": "survey.branch", "fields": {"createBy": 5, "modifyBy": 5, "text": "\u9009\u98791", "question": 42, "modifyTime": "2014-07-08T19:57:23.948", "ord": 0, "createTime": "2014-07-08T19:57:23.948", "nextQuestion": null}}, {"pk": 184, "model": "survey.branch", "fields": {"createBy": 5, "modifyBy": 5, "text": "\u9009\u98792", "question": 42, "modifyTime": "2014-07-08T19:57:24.149", "ord": 1, "createTime": "2014-07-08T19:57:24.149", "nextQuestion": null}}, {"pk": 185, "model": "survey.branch", "fields": {"createBy": 5, "modifyBy": 5, "text": "\u9009\u98791", "question": 43, "modifyTime": "2014-07-08T19:57:26.667", "ord": 0, "createTime": "2014-07-08T19:57:26.667", "nextQuestion": null}}, {"pk": 186, "model": "survey.branch", "fields": {"createBy": 5, "modifyBy": 5, "text": "\u9009\u98792", "question": 43, "modifyTime": "2014-07-08T19:57:26.836", "ord": 1, "createTime": "2014-07-08T19:57:26.836", "nextQuestion": null}}, {"pk": 187, "model": "survey.branch", "fields": {"createBy": 5, "modifyBy": 5, "text": "\u65b0\u589e\u9009\u9879", "question": 43, "modifyTime": "2014-07-08T19:57:29.206", "ord": 2, "createTime": "2014-07-08T19:57:29.206", "nextQuestion": null}}, {"pk": 188, "model": "survey.branch", "fields": {"createBy": 5, "modifyBy": 5, "text": "\u65b0\u589e\u9009\u9879", "question": 43, "modifyTime": "2014-07-08T19:57:30.114", "ord": 3, "createTime": "2014-07-08T19:57:30.114", "nextQuestion": null}}, {"pk": 189, "model": "survey.branch", "fields": {"createBy": 5, "modifyBy": 5, "text": "\u65b0\u589e\u9009\u9879", "question": 42, "modifyTime": "2014-07-08T19:57:31.346", "ord": 2, "createTime": "2014-07-08T19:57:31.346", "nextQuestion": null}}, {"pk": 190, "model": "survey.branch", "fields": {"createBy": 5, "modifyBy": 5, "text": "\u65b0\u589e\u9009\u9879", "question": 42, "modifyTime": "2014-07-08T19:57:32.412", "ord": 3, "createTime": "2014-07-08T19:57:32.412", "nextQuestion": null}}, {"pk": 191, "model": "survey.branch", "fields": {"createBy": 5, "modifyBy": 5, "text": "\u9009\u98791", "question": 44, "modifyTime": "2014-07-08T19:57:36.715", "ord": 0, "createTime": "2014-07-08T19:57:36.715", "nextQuestion": null}}, {"pk": 192, "model": "survey.branch", "fields": {"createBy": 5, "modifyBy": 5, "text": "\u9009\u98792", "question": 44, "modifyTime": "2014-07-08T19:57:36.883", "ord": 1, "createTime": "2014-07-08T19:57:36.883", "nextQuestion": null}}, {"pk": 193, "model": "survey.branch", "fields": {"createBy": 5, "modifyBy": 5, "text": "\u65b0\u589e\u9009\u9879", "question": 44, "modifyTime": "2014-07-08T19:57:38.705", "ord": 2, "createTime": "2014-07-08T19:57:38.705", "nextQuestion": null}}, {"pk": 194, "model": "survey.branch", "fields": {"createBy": 5, "modifyBy": 5, "text": "\u65b0\u589e\u9009\u9879", "question": 44, "modifyTime": "2014-07-08T19:57:39.701", "ord": 3, "createTime": "2014-07-08T19:57:39.701", "nextQuestion": null}}, {"pk": 195, "model": "survey.branch", "fields": {"createBy": 5, "modifyBy": 5, "text": "\u9009\u98791", "question": 45, "modifyTime": "2014-07-10T19:12:39.481", "ord": 0, "createTime": "2014-07-10T19:12:39.481", "nextQuestion": null}}, {"pk": 196, "model": "survey.branch", "fields": {"createBy": 5, "modifyBy": 5, "text": "\u9009\u98792", "question": 45, "modifyTime": "2014-07-10T19:12:39.683", "ord": 1, "createTime": "2014-07-10T19:12:39.683", "nextQuestion": null}}, {"pk": 197, "model": "survey.branch", "fields": {"createBy": 5, "modifyBy": 5, "text": "\u9009\u98791", "question": 46, "modifyTime": "2014-07-12T09:22:55.263", "ord": 0, "createTime": "2014-07-12T09:22:55.263", "nextQuestion": null}}, {"pk": 198, "model": "survey.branch", "fields": {"createBy": 5, "modifyBy": 5, "text": "\u9009\u98792", "question": 46, "modifyTime": "2014-07-12T09:22:55.468", "ord": 1, "createTime": "2014-07-12T09:22:55.468", "nextQuestion": null}}, {"pk": 199, "model": "survey.branch", "fields": {"createBy": 5, "modifyBy": 5, "text": "\u9009\u98791", "question": 47, "modifyTime": "2014-07-12T09:23:03.285", "ord": 0, "createTime": "2014-07-12T09:23:03.285", "nextQuestion": null}}, {"pk": 200, "model": "survey.branch", "fields": {"createBy": 5, "modifyBy": 5, "text": "\u9009\u98792", "question": 47, "modifyTime": "2014-07-12T09:23:03.466", "ord": 1, "createTime": "2014-07-12T09:23:03.466", "nextQuestion": null}}, {"pk": 201, "model": "survey.branch", "fields": {"createBy": 5, "modifyBy": 5, "text": "\u9009\u98791", "question": 48, "modifyTime": "2014-07-12T09:23:10.712", "ord": 0, "createTime": "2014-07-12T09:23:10.712", "nextQuestion": null}}, {"pk": 202, "model": "survey.branch", "fields": {"createBy": 5, "modifyBy": 5, "text": "\u9009\u98792", "question": 48, "modifyTime": "2014-07-12T09:23:10.941", "ord": 1, "createTime": "2014-07-12T09:23:10.941", "nextQuestion": null}}, {"pk": 203, "model": "survey.branch", "fields": {"createBy": 5, "modifyBy": 5, "text": "\u9009\u98791", "question": 49, "modifyTime": "2014-07-12T09:25:49.654", "ord": 0, "createTime": "2014-07-12T09:25:49.654", "nextQuestion": null}}, {"pk": 204, "model": "survey.branch", "fields": {"createBy": 5, "modifyBy": 5, "text": "\u9009\u98792", "question": 49, "modifyTime": "2014-07-12T09:25:49.841", "ord": 1, "createTime": "2014-07-12T09:25:49.841", "nextQuestion": null}}, {"pk": 205, "model": "survey.branch", "fields": {"createBy": 5, "modifyBy": 5, "text": "\u9009\u98791", "question": 50, "modifyTime": "2014-07-12T09:27:24.768", "ord": 0, "createTime": "2014-07-12T09:27:24.768", "nextQuestion": null}}, {"pk": 206, "model": "survey.branch", "fields": {"createBy": 5, "modifyBy": 5, "text": "\u9009\u98792", "question": 50, "modifyTime": "2014-07-12T09:27:25.013", "ord": 1, "createTime": "2014-07-12T09:27:25.013", "nextQuestion": null}}, {"pk": 207, "model": "survey.branch", "fields": {"createBy": 5, "modifyBy": 5, "text": "\u9009\u98791", "question": 51, "modifyTime": "2014-07-12T09:27:32.092", "ord": 0, "createTime": "2014-07-12T09:27:32.092", "nextQuestion": null}}, {"pk": 208, "model": "survey.branch", "fields": {"createBy": 5, "modifyBy": 5, "text": "\u9009\u98792", "question": 51, "modifyTime": "2014-07-12T09:27:32.259", "ord": 1, "createTime": "2014-07-12T09:27:32.259", "nextQuestion": null}}, {"pk": 209, "model": "survey.branch", "fields": {"createBy": 5, "modifyBy": 5, "text": "\u9009\u98791", "question": 52, "modifyTime": "2014-07-12T09:27:34.727", "ord": 0, "createTime": "2014-07-12T09:27:34.727", "nextQuestion": null}}, {"pk": 210, "model": "survey.branch", "fields": {"createBy": 5, "modifyBy": 5, "text": "\u9009\u98792", "question": 52, "modifyTime": "2014-07-12T09:27:34.885", "ord": 1, "createTime": "2014-07-12T09:27:34.885", "nextQuestion": null}}, {"pk": 211, "model": "survey.branch", "fields": {"createBy": 5, "modifyBy": 5, "text": "\u9009\u98791", "question": 53, "modifyTime": "2014-07-12T09:27:37.247", "ord": 0, "createTime": "2014-07-12T09:27:37.247", "nextQuestion": null}}, {"pk": 212, "model": "survey.branch", "fields": {"createBy": 5, "modifyBy": 5, "text": "\u9009\u98792", "question": 53, "modifyTime": "2014-07-12T09:27:37.413", "ord": 1, "createTime": "2014-07-12T09:27:37.413", "nextQuestion": null}}, {"pk": 213, "model": "survey.branch", "fields": {"createBy": 5, "modifyBy": 5, "text": "\u9009\u98791", "question": 54, "modifyTime": "2014-07-12T09:27:41.207", "ord": 0, "createTime": "2014-07-12T09:27:41.207", "nextQuestion": null}}, {"pk": 214, "model": "survey.branch", "fields": {"createBy": 5, "modifyBy": 5, "text": "\u9009\u98792", "question": 54, "modifyTime": "2014-07-12T09:27:41.380", "ord": 1, "createTime": "2014-07-12T09:27:41.380", "nextQuestion": null}}, {"pk": 215, "model": "survey.branch", "fields": {"createBy": 5, "modifyBy": 5, "text": "\u9009\u98791", "question": 55, "modifyTime": "2014-07-12T09:27:47.467", "ord": 0, "createTime": "2014-07-12T09:27:47.467", "nextQuestion": null}}, {"pk": 216, "model": "survey.branch", "fields": {"createBy": 5, "modifyBy": 5, "text": "\u9009\u98792", "question": 55, "modifyTime": "2014-07-12T09:27:47.617", "ord": 1, "createTime": "2014-07-12T09:27:47.617", "nextQuestion": null}}, {"pk": 217, "model": "survey.branch", "fields": {"createBy": 5, "modifyBy": 5, "text": "\u9009\u98791", "question": 56, "modifyTime": "2014-07-12T09:27:54.500", "ord": 0, "createTime": "2014-07-12T09:27:54.500", "nextQuestion": null}}, {"pk": 218, "model": "survey.branch", "fields": {"createBy": 5, "modifyBy": 5, "text": "\u9009\u98792", "question": 56, "modifyTime": "2014-07-12T09:27:54.673", "ord": 1, "createTime": "2014-07-12T09:27:54.673", "nextQuestion": null}}, {"pk": 219, "model": "survey.branch", "fields": {"createBy": 5, "modifyBy": 5, "text": "\u65b0\u589e\u9009\u9879", "question": 56, "modifyTime": "2014-07-12T09:27:57.030", "ord": 2, "createTime": "2014-07-12T09:27:57.030", "nextQuestion": null}}, {"pk": 220, "model": "survey.branch", "fields": {"createBy": 5, "modifyBy": 5, "text": "\u65b0\u589e\u9009\u9879", "question": 56, "modifyTime": "2014-07-12T09:27:57.916", "ord": 3, "createTime": "2014-07-12T09:27:57.916", "nextQuestion": null}}, {"pk": 221, "model": "survey.branch", "fields": {"createBy": 5, "modifyBy": 5, "text": "\u9009\u98791", "question": 57, "modifyTime": "2014-07-12T09:28:01.748", "ord": 0, "createTime": "2014-07-12T09:28:01.748", "nextQuestion": null}}, {"pk": 222, "model": "survey.branch", "fields": {"createBy": 5, "modifyBy": 5, "text": "\u9009\u98792", "question": 57, "modifyTime": "2014-07-12T09:28:02.006", "ord": 1, "createTime": "2014-07-12T09:28:02.006", "nextQuestion": null}}, {"pk": 223, "model": "survey.branch", "fields": {"createBy": 5, "modifyBy": 5, "text": "\u65b0\u589e\u9009\u9879", "question": 57, "modifyTime": "2014-07-12T09:28:03.567", "ord": 2, "createTime": "2014-07-12T09:28:03.567", "nextQuestion": null}}, {"pk": 224, "model": "survey.branch", "fields": {"createBy": 5, "modifyBy": 5, "text": "\u65b0\u589e\u9009\u9879", "question": 57, "modifyTime": "2014-07-12T09:28:04.440", "ord": 3, "createTime": "2014-07-12T09:28:04.440", "nextQuestion": null}}, {"pk": 225, "model": "survey.branch", "fields": {"createBy": 5, "modifyBy": 5, "text": "\u9009\u98791", "question": 58, "modifyTime": "2014-07-12T09:59:01.979", "ord": 0, "createTime": "2014-07-12T09:59:01.979", "nextQuestion": null}}, {"pk": 226, "model": "survey.branch", "fields": {"createBy": 5, "modifyBy": 5, "text": "\u9009\u98792", "question": 58, "modifyTime": "2014-07-12T09:59:02.184", "ord": 1, "createTime": "2014-07-12T09:59:02.184", "nextQuestion": null}}, {"pk": 227, "model": "survey.branch", "fields": {"createBy": 5, "modifyBy": 5, "text": "\u9009\u98791", "question": 59, "modifyTime": "2014-07-12T09:59:04.700", "ord": 0, "createTime": "2014-07-12T09:59:04.700", "nextQuestion": null}}, {"pk": 228, "model": "survey.branch", "fields": {"createBy": 5, "modifyBy": 5, "text": "\u9009\u98792", "question": 59, "modifyTime": "2014-07-12T09:59:04.895", "ord": 1, "createTime": "2014-07-12T09:59:04.895", "nextQuestion": null}}, {"pk": 229, "model": "survey.branch", "fields": {"createBy": 5, "modifyBy": 5, "text": "\u9009\u98791", "question": 60, "modifyTime": "2014-07-12T09:59:09.048", "ord": 0, "createTime": "2014-07-12T09:59:09.048", "nextQuestion": null}}, {"pk": 230, "model": "survey.branch", "fields": {"createBy": 5, "modifyBy": 5, "text": "\u9009\u98792", "question": 60, "modifyTime": "2014-07-12T09:59:09.394", "ord": 1, "createTime": "2014-07-12T09:59:09.394", "nextQuestion": null}}, {"pk": 231, "model": "survey.branch", "fields": {"createBy": 5, "modifyBy": 5, "text": "\u9009\u98791", "question": 61, "modifyTime": "2014-07-12T09:59:12.043", "ord": 0, "createTime": "2014-07-12T09:59:12.043", "nextQuestion": null}}, {"pk": 232, "model": "survey.branch", "fields": {"createBy": 5, "modifyBy": 5, "text": "\u9009\u98792", "question": 61, "modifyTime": "2014-07-12T09:59:12.225", "ord": 1, "createTime": "2014-07-12T09:59:12.225", "nextQuestion": null}}, {"pk": 233, "model": "survey.branch", "fields": {"createBy": 5, "modifyBy": 5, "text": "\u9009\u98791", "question": 62, "modifyTime": "2014-07-12T10:01:57.634", "ord": 0, "createTime": "2014-07-12T10:01:57.634", "nextQuestion": null}}, {"pk": 234, "model": "survey.branch", "fields": {"createBy": 5, "modifyBy": 5, "text": "\u9009\u98792", "question": 62, "modifyTime": "2014-07-12T10:01:57.798", "ord": 1, "createTime": "2014-07-12T10:01:57.798", "nextQuestion": null}}, {"pk": 235, "model": "survey.branch", "fields": {"createBy": 5, "modifyBy": 5, "text": "\u9009\u98791", "question": 63, "modifyTime": "2014-07-12T10:02:00.728", "ord": 0, "createTime": "2014-07-12T10:02:00.728", "nextQuestion": null}}, {"pk": 236, "model": "survey.branch", "fields": {"createBy": 5, "modifyBy": 5, "text": "\u9009\u98792", "question": 63, "modifyTime": "2014-07-12T10:02:00.919", "ord": 1, "createTime": "2014-07-12T10:02:00.919", "nextQuestion": null}}, {"pk": 239, "model": "survey.branch", "fields": {"createBy": 5, "modifyBy": 5, "text": "\u9009\u98791", "question": 65, "modifyTime": "2014-07-12T20:35:03.590", "ord": 0, "createTime": "2014-07-12T20:35:03.590", "nextQuestion": null}}, {"pk": 240, "model": "survey.branch", "fields": {"createBy": 5, "modifyBy": 5, "text": "\u9009\u98792", "question": 65, "modifyTime": "2014-07-12T20:35:03.851", "ord": 1, "createTime": "2014-07-12T20:35:03.851", "nextQuestion": null}}, {"pk": 241, "model": "survey.branch", "fields": {"createBy": 5, "modifyBy": 5, "text": "\u9009\u98791", "question": 66, "modifyTime": "2014-07-12T20:35:06.897", "ord": 0, "createTime": "2014-07-12T20:35:06.897", "nextQuestion": null}}, {"pk": 242, "model": "survey.branch", "fields": {"createBy": 5, "modifyBy": 5, "text": "\u9009\u98792", "question": 66, "modifyTime": "2014-07-12T20:48:48.870", "ord": 1, "createTime": "2014-07-12T20:35:07.086", "nextQuestion": 67}}, {"pk": 243, "model": "survey.branch", "fields": {"createBy": 5, "modifyBy": 5, "text": "\u65b0\u589e\u9009\u9879", "question": 66, "modifyTime": "2014-07-12T20:35:14.446", "ord": 2, "createTime": "2014-07-12T20:35:14.446", "nextQuestion": null}}, {"pk": 244, "model": "survey.branch", "fields": {"createBy": 5, "modifyBy": 5, "text": "\u65b0\u589e\u9009\u9879", "question": 66, "modifyTime": "2014-07-12T20:35:15.586", "ord": 3, "createTime": "2014-07-12T20:35:15.586", "nextQuestion": null}}, {"pk": 245, "model": "survey.branch", "fields": {"createBy": 5, "modifyBy": 5, "text": "\u9009\u98791", "question": 67, "modifyTime": "2014-07-12T20:45:37.794", "ord": 0, "createTime": "2014-07-12T20:45:37.794", "nextQuestion": null}}, {"pk": 246, "model": "survey.branch", "fields": {"createBy": 5, "modifyBy": 5, "text": "\u9009\u98792", "question": 67, "modifyTime": "2014-07-12T20:45:37.956", "ord": 1, "createTime": "2014-07-12T20:45:37.956", "nextQuestion": null}}, {"pk": 247, "model": "survey.branch", "fields": {"createBy": 5, "modifyBy": 5, "text": "\u9009\u98791", "question": 68, "modifyTime": "2014-07-12T20:45:41.591", "ord": 0, "createTime": "2014-07-12T20:45:41.591", "nextQuestion": null}}, {"pk": 248, "model": "survey.branch", "fields": {"createBy": 5, "modifyBy": 5, "text": "\u9009\u98792", "question": 68, "modifyTime": "2014-07-12T20:45:41.753", "ord": 1, "createTime": "2014-07-12T20:45:41.753", "nextQuestion": null}}, {"pk": 249, "model": "survey.branch", "fields": {"createBy": 5, "modifyBy": 5, "text": "\u9009\u98791", "question": 69, "modifyTime": "2014-07-12T20:46:10.860", "ord": 0, "createTime": "2014-07-12T20:45:45.911", "nextQuestion": 5}}, {"pk": 250, "model": "survey.branch", "fields": {"createBy": 5, "modifyBy": 5, "text": "\u9009\u98792", "question": 69, "modifyTime": "2014-07-12T20:46:12.584", "ord": 1, "createTime": "2014-07-12T20:45:46.074", "nextQuestion": 6}}, {"pk": 251, "model": "survey.branch", "fields": {"createBy": 5, "modifyBy": 5, "text": "\u65b0\u589e\u9009\u9879", "question": 69, "modifyTime": "2014-07-12T20:46:14.110", "ord": 2, "createTime": "2014-07-12T20:46:02.563", "nextQuestion": 6}}, {"pk": 252, "model": "survey.branch", "fields": {"createBy": 5, "modifyBy": 5, "text": "\u65b0\u589e\u9009\u9879", "question": 69, "modifyTime": "2014-07-12T20:46:21.131", "ord": 3, "createTime": "2014-07-12T20:46:03.654", "nextQuestion": 5}}, {"pk": 253, "model": "survey.branch", "fields": {"createBy": 5, "modifyBy": 5, "text": "\u65b0\u589e\u9009\u9879", "question": 69, "modifyTime": "2014-07-12T20:46:04.703", "ord": 4, "createTime": "2014-07-12T20:46:04.703", "nextQuestion": null}}, {"pk": 254, "model": "survey.branch", "fields": {"createBy": 5, "modifyBy": 5, "text": "\u65b0\u589e\u9009\u9879", "question": 69, "modifyTime": "2014-07-13T09:12:20.768", "ord": 5, "createTime": "2014-07-13T09:12:20.768", "nextQuestion": null}}, {"pk": 255, "model": "survey.branch", "fields": {"createBy": 1, "modifyBy": 1, "text": "\u9009\u98791", "question": 70, "modifyTime": "2014-07-26T07:42:49.913", "ord": 0, "createTime": "2014-07-26T07:42:49.913", "nextQuestion": null}}, {"pk": 256, "model": "survey.branch", "fields": {"createBy": 1, "modifyBy": 1, "text": "\u9009\u98792", "question": 70, "modifyTime": "2014-07-26T07:42:50.105", "ord": 1, "createTime": "2014-07-26T07:42:50.105", "nextQuestion": null}}, {"pk": 257, "model": "survey.branch", "fields": {"createBy": 1, "modifyBy": 1, "text": "\u9009\u98791", "question": 71, "modifyTime": "2014-07-26T07:42:53.551", "ord": 0, "createTime": "2014-07-26T07:42:53.551", "nextQuestion": null}}, {"pk": 258, "model": "survey.branch", "fields": {"createBy": 1, "modifyBy": 1, "text": "\u9009\u98792", "question": 71, "modifyTime": "2014-07-26T07:42:53.736", "ord": 1, "createTime": "2014-07-26T07:42:53.736", "nextQuestion": null}}, {"pk": 1, "model": "survey.survey", "fields": {"resubmit": true, "password": "", "modifyBy": 1, "ipLimit": 5, "hardCost": 0.0, "fee": 0.0, "viewResult": true, "createBy": 1, "macLimit": 5, "publishTime": "2014-05-21T20:00:29", "bonus": 0.0, "state": "A", "paper": 1, "modifyTime": "2014-05-21T20:00:29", "shared": false, "targetOnly": true, "validSampleLimit": 0, "createTime": "2014-05-21T20:00:29", "endTime": "2014-05-21T20:00:29"}}, {"pk": 2, "model": "survey.survey", "fields": {"resubmit": true, "password": "123456", "modifyBy": 1, "ipLimit": 5, "hardCost": 0.0, "fee": 0.0, "viewResult": true, "createBy": 1, "macLimit": 5, "publishTime": "2014-07-21T20:22:27", "bonus": 0.0, "state": "A", "paper": null, "modifyTime": "2014-07-21T20:22:27", "shared": false, "targetOnly": false, "validSampleLimit": 0, "createTime": "2014-07-21T20:22:27", "endTime": "2014-07-21T20:22:27"}}, {"pk": 1, "model": "survey.custlist", "fields": {"createBy": 1, "modifyBy": 1, "descrition": "2013\u5e74\u53d1\u5c55\u7684\u5ba2\u6237", "modifyTime": "2014-05-21T20:44:48", "createTime": "2014-05-21T20:44:47", "name": "\u5ba2\u62372013"}}, {"pk": 2, "model": "survey.custlist", "fields": {"createBy": 1, "modifyBy": 1, "descrition": "2012\u5e74\u53d1\u5c55\u7684\u5ba2\u6237", "modifyTime": "2014-05-21T20:46:45", "createTime": "2014-05-21T20:46:44", "name": "\u5ba2\u62372012"}}, {"pk": 3, "model": "survey.custlist", "fields": {"createBy": 1, "modifyBy": 1, "descrition": "2011\u5e74\u53d1\u5c55\u7684\u5ba2\u6237", "modifyTime": "2014-05-21T20:45:25", "createTime": "2014-05-21T20:45:25", "name": "\u5ba2\u62372011"}}, {"pk": 4, "model": "survey.custlist", "fields": {"createBy": 1, "modifyBy": 1, "descrition": "2010\u5e74\u53d1\u5c55\u7684\u5ba2\u6237", "modifyTime": "2014-05-21T20:45:25", "createTime": "2014-05-21T20:45:25", "name": "\u5ba2\u62372010"}}, {"pk": 5, "model": "survey.custlist", "fields": {"createBy": 1, "modifyBy": 1, "descrition": "2009\u5e74\u53d1\u5c55\u7684\u5ba2\u6237", "modifyTime": "2014-05-21T20:45:25", "createTime": "2014-05-21T20:45:25", "name": "\u5ba2\u62372009"}}]