[{"pk": 1, "model": "contenttypes.contenttype", "fields": {"model": "logentry", "name": "log entry", "app_label": "admin"}}, {"pk": 2, "model": "contenttypes.contenttype", "fields": {"model": "permission", "name": "permission", "app_label": "auth"}}, {"pk": 3, "model": "contenttypes.contenttype", "fields": {"model": "group", "name": "group", "app_label": "auth"}}, {"pk": 4, "model": "contenttypes.contenttype", "fields": {"model": "user", "name": "user", "app_label": "auth"}}, {"pk": 5, "model": "contenttypes.contenttype", "fields": {"model": "contenttype", "name": "content type", "app_label": "contenttypes"}}, {"pk": 6, "model": "contenttypes.contenttype", "fields": {"model": "session", "name": "session", "app_label": "sessions"}}, {"pk": 7, "model": "contenttypes.contenttype", "fields": {"model": "migrationhistory", "name": "migration history", "app_label": "south"}}, {"pk": 8, "model": "contenttypes.contenttype", "fields": {"model": "paper", "name": "\u95ee\u5377", "app_label": "home"}}, {"pk": 9, "model": "contenttypes.contenttype", "fields": {"model": "catalog", "name": "\u76ee\u5f55", "app_label": "home"}}, {"pk": 10, "model": "contenttypes.contenttype", "fields": {"model": "catalogpaper", "name": "\u76ee\u5f55-\u95ee\u5377", "app_label": "home"}}, {"pk": 11, "model": "contenttypes.contenttype", "fields": {"model": "questiontype", "name": "\u95ee\u9898\u7c7b\u578b", "app_label": "home"}}, {"pk": 12, "model": "contenttypes.contenttype", "fields": {"model": "question", "name": "\u95ee\u9898", "app_label": "home"}}, {"pk": 13, "model": "contenttypes.contenttype", "fields": {"model": "choicetype", "name": "\u9009\u9879\u7c7b\u578b", "app_label": "home"}}, {"pk": 14, "model": "contenttypes.contenttype", "fields": {"model": "choice", "name": "\u9009\u9879", "app_label": "home"}}, {"pk": 15, "model": "contenttypes.contenttype", "fields": {"model": "user", "name": "\u7528\u6237", "app_label": "home"}}, {"pk": 16, "model": "contenttypes.contenttype", "fields": {"model": "userpaper", "name": "\u7528\u6237-\u95ee\u5377", "app_label": "home"}}, {"pk": 17, "model": "contenttypes.contenttype", "fields": {"model": "userquestion", "name": "\u7528\u6237-\u95ee\u9898", "app_label": "home"}}, {"pk": 18, "model": "contenttypes.contenttype", "fields": {"model": "userchoice", "name": "\u7528\u6237-\u9009\u9879", "app_label": "home"}}, {"pk": 19, "model": "contenttypes.contenttype", "fields": {"model": "paper", "name": "\u95ee\u5377", "app_label": "survey"}}, {"pk": 20, "model": "contenttypes.contenttype", "fields": {"model": "papercatalog", "name": "\u95ee\u5377\u76ee\u5f55", "app_label": "survey"}}, {"pk": 21, "model": "contenttypes.contenttype", "fields": {"model": "papercatalogpaper", "name": "\u95ee\u5377\u76ee\u5f55-\u95ee\u5377", "app_label": "survey"}}, {"pk": 22, "model": "contenttypes.contenttype", "fields": {"model": "question", "name": "\u95ee\u9898", "app_label": "survey"}}, {"pk": 23, "model": "contenttypes.contenttype", "fields": {"model": "questioncatalog", "name": "\u95ee\u9898\u76ee\u5f55", "app_label": "survey"}}, {"pk": 24, "model": "contenttypes.contenttype", "fields": {"model": "questioncatalogquestion", "name": "\u95ee\u9898\u76ee\u5f55-\u95ee\u9898", "app_label": "survey"}}, {"pk": 25, "model": "contenttypes.contenttype", "fields": {"model": "resource", "name": "\u8d44\u6e90", "app_label": "survey"}}, {"pk": 26, "model": "contenttypes.contenttype", "fields": {"model": "branch", "name": "\u9898\u652f", "app_label": "survey"}}, {"pk": 27, "model": "contenttypes.contenttype", "fields": {"model": "survey", "name": "\u8c03\u67e5", "app_label": "survey"}}, {"pk": 28, "model": "contenttypes.contenttype", "fields": {"model": "targetcust", "name": "\u76ee\u6807\u5ba2\u6237", "app_label": "survey"}}, {"pk": 29, "model": "contenttypes.contenttype", "fields": {"model": "sample", "name": "\u6837\u672c", "app_label": "survey"}}, {"pk": 30, "model": "contenttypes.contenttype", "fields": {"model": "sampleitem", "name": "\u6837\u672c\u9879", "app_label": "survey"}}, {"pk": 31, "model": "contenttypes.contenttype", "fields": {"model": "custlist", "name": "\u5ba2\u6237\u6e05\u5355", "app_label": "survey"}}, {"pk": 32, "model": "contenttypes.contenttype", "fields": {"model": "custlistitem", "name": "\u5ba2\u6237\u6e05\u5355\u9879", "app_label": "survey"}}, {"pk": 33, "model": "contenttypes.contenttype", "fields": {"model": "defineinfo", "name": "\u81ea\u5b9a\u4e49\u4fe1\u606f", "app_label": "survey"}}, {"pk": 34, "model": "contenttypes.contenttype", "fields": {"model": "user", "name": "\u7528\u6237", "app_label": "account"}}, {"pk": 35, "model": "contenttypes.contenttype", "fields": {"model": "smscheckcode", "name": "\u77ed\u4fe1\u9a8c\u8bc1\u7801", "app_label": "account"}}, {"pk": "zvsq43jdyn0awwyjyws28zh70l0g0ndh", "model": "sessions.session", "fields": {"expire_date": "2015-09-15T10:50:55.697", "session_data": "YTY0NzllNDU5NDMxMWZlNDhhYzU3ZDg4MTU2OTk5ZjFkYjBkMTg3MzqAAn1xAVUEdXNlcnECY2RqYW5nby5kYi5tb2RlbHMuYmFzZQptb2RlbF91bnBpY2tsZQpxA1gHAAAAYWNjb3VudHEEVQRVc2VycQWGXWNkamFuZ28uZGIubW9kZWxzLmJhc2UKc2ltcGxlX2NsYXNzX2ZhY3RvcnkKcQaHUnEHfXEIKFUEY29kZXEJWAUAAABkdWhhblUEbmFtZXEKWAYAAADmnZzmtrVVC21vZGlmeUJ5X2lkcQtOVQpjcmVhdGVUaW1lcQxjZGF0ZXRpbWUKZGF0ZXRpbWUKcQ1VCgfeBRUKDQkAAACFUnEOVQZfc3RhdGVxD2NkamFuZ28uZGIubW9kZWxzLmJhc2UKTW9kZWxTdGF0ZQpxECmBcRF9cRIoVQZhZGRpbmdxE4lVAmRicRRVB2RlZmF1bHRxFXViVQliaXJ0aERhdGVxFmgNVQoHvAsBCgw6AAAAhVJxF1UFZW1haWxxGFgMAAAAZHVoYW5AMTg5LmNuVQVwaG9uZXEZWAsAAAAxODkwNjAyMTk4MFULY3JlYXRlQnlfaWRxGk5VCm1vZGlmeVRpbWVxG2gNVQoH3gUVCg0KAAAAhVJxHFUIcGFzc3dvcmRxHVhNAAAAcGJrZGYyX3NoYTI1NiQxMDAwMCREWlJiNDlnYjdOSEEkalRSd2FEbFV6V3Vyek1FQytTUDhZbUVMdWlrQmovQlE2dXc5SFlpRVMyZz1VAmlkcR5LAXVicy4="}}, {"pk": 1, "model": "south.migrationhistory", "fields": {"applied": "2015-08-31T15:44:50.861", "app_name": "survey", "migration": "0001_initial"}}, {"pk": 2, "model": "south.migrationhistory", "fields": {"applied": "2015-08-31T15:44:50.945", "app_name": "survey", "migration": "0002_auto__add_field_paper_paging"}}, {"pk": 3, "model": "south.migrationhistory", "fields": {"applied": "2015-08-31T15:44:51.025", "app_name": "survey", "migration": "0003_auto__del_field_paper_style"}}, {"pk": 4, "model": "south.migrationhistory", "fields": {"applied": "2015-08-31T15:44:51.152", "app_name": "survey", "migration": "0004_auto__add_field_question_text__chg_field_resource_stem"}}, {"pk": 5, "model": "south.migrationhistory", "fields": {"applied": "2015-08-31T15:44:51.206", "app_name": "survey", "migration": "0005_auto__del_stem"}}, {"pk": 6, "model": "south.migrationhistory", "fields": {"applied": "2015-08-31T15:44:51.314", "app_name": "survey", "migration": "0006_auto__del_field_resource_stem__add_field_resource_question"}}, {"pk": 7, "model": "south.migrationhistory", "fields": {"applied": "2015-08-31T15:44:51.445", "app_name": "survey", "migration": "0007_auto__del_field_question_contentLengh__add_field_question_contentLengt"}}, {"pk": 8, "model": "south.migrationhistory", "fields": {"applied": "2015-08-31T15:44:51.559", "app_name": "survey", "migration": "0008_auto__chg_field_paper_createBy__chg_field_paper_modifyBy"}}, {"pk": 9, "model": "south.migrationhistory", "fields": {"applied": "2015-08-31T15:44:51.651", "app_name": "survey", "migration": "0009_auto__chg_field_branch_nextQuestion"}}, {"pk": 10, "model": "south.migrationhistory", "fields": {"applied": "2015-08-31T15:44:51.765", "app_name": "survey", "migration": "0010_auto__del_field_survey_passwd__add_field_survey_password"}}, {"pk": 11, "model": "south.migrationhistory", "fields": {"applied": "2015-08-31T15:44:51.856", "app_name": "survey", "migration": "0011_auto__chg_field_survey_paper"}}, {"pk": 12, "model": "south.migrationhistory", "fields": {"applied": "2015-08-31T15:44:51.938", "app_name": "survey", "migration": "0012_auto__add_field_paper_type"}}, {"pk": 13, "model": "south.migrationhistory", "fields": {"applied": "2015-08-31T15:44:52.028", "app_name": "survey", "migration": "0013_auto__chg_field_survey_paper"}}, {"pk": 14, "model": "south.migrationhistory", "fields": {"applied": "2015-08-31T15:44:52.149", "app_name": "survey", "migration": "0014_auto__add_field_survey_anonymous__add_field_survey_pay"}}, {"pk": 15, "model": "south.migrationhistory", "fields": {"applied": "2015-08-31T15:44:52.265", "app_name": "survey", "migration": "0015_auto__add_field_paper_survey__add_field_survey_paused"}}, {"pk": 16, "model": "south.migrationhistory", "fields": {"applied": "2015-08-31T15:44:52.404", "app_name": "survey", "migration": "0016_auto__chg_field_sampleitem_createBy__chg_field_sampleitem_modifyBy"}}, {"pk": 17, "model": "south.migrationhistory", "fields": {"applied": "2015-08-31T15:44:52.490", "app_name": "survey", "migration": "0017_auto__del_field_sample_macAddress"}}, {"pk": 18, "model": "south.migrationhistory", "fields": {"applied": "2015-08-31T15:44:52.615", "app_name": "survey", "migration": "0018_auto__chg_field_custlist_descrition"}}, {"pk": 19, "model": "south.migrationhistory", "fields": {"applied": "2015-08-31T15:44:52.745", "app_name": "survey", "migration": "0019_auto__chg_field_custlistitem_phone__chg_field_custlistitem_email"}}, {"pk": 20, "model": "south.migrationhistory", "fields": {"applied": "2015-08-31T15:44:52.828", "app_name": "survey", "migration": "0020_auto__chg_field_custlistitem_phone"}}, {"pk": 21, "model": "south.migrationhistory", "fields": {"applied": "2015-08-31T15:44:52.913", "app_name": "survey", "migration": "0021_auto__add_field_survey_custList"}}, {"pk": 22, "model": "south.migrationhistory", "fields": {"applied": "2015-08-31T15:44:53.049", "app_name": "survey", "migration": "0022_auto__chg_field_sample_targetCust__del_unique_sample_targetCust"}}, {"pk": 23, "model": "south.migrationhistory", "fields": {"applied": "2015-08-31T15:44:53.127", "app_name": "survey", "migration": "0023_auto__add_field_paper_code"}}, {"pk": 24, "model": "south.migrationhistory", "fields": {"applied": "2015-08-31T15:44:53.216", "app_name": "survey", "migration": "0024_auto__add_field_survey_code"}}, {"pk": 25, "model": "south.migrationhistory", "fields": {"applied": "2015-08-31T15:44:53.308", "app_name": "survey", "migration": "0025_auto__add_field_survey_lastSmsSendTime"}}, {"pk": 26, "model": "south.migrationhistory", "fields": {"applied": "2015-08-31T15:44:53.396", "app_name": "survey", "migration": "0026_auto__add_field_paper_step"}}, {"pk": 27, "model": "south.migrationhistory", "fields": {"applied": "2015-08-31T15:44:53.488", "app_name": "survey", "migration": "0027_auto__add_field_sample_session"}}, {"pk": 28, "model": "south.migrationhistory", "fields": {"applied": "2015-08-31T15:44:53.621", "app_name": "survey", "migration": "0028_auto__chg_field_question_nextQuestion__add_field_sample_lastQuestion"}}, {"pk": 29, "model": "south.migrationhistory", "fields": {"applied": "2015-08-31T15:44:53.702", "app_name": "survey", "migration": "0029_auto__del_field_paper_paging"}}, {"pk": 30, "model": "south.migrationhistory", "fields": {"applied": "2015-08-31T15:44:53.840", "app_name": "survey", "migration": "0030_auto__del_field_sample_lastQuestion__add_field_sample_nextQuestion"}}, {"pk": 31, "model": "south.migrationhistory", "fields": {"applied": "2015-08-31T15:44:54.338", "app_name": "account", "migration": "0001_initial"}}, {"pk": 32, "model": "south.migrationhistory", "fields": {"applied": "2015-08-31T15:44:54.383", "app_name": "account", "migration": "0002_auto__add_field_user_password"}}, {"pk": 33, "model": "south.migrationhistory", "fields": {"applied": "2015-08-31T15:44:54.424", "app_name": "account", "migration": "0003_auto__chg_field_user_password"}}, {"pk": 34, "model": "south.migrationhistory", "fields": {"applied": "2015-08-31T15:44:54.442", "app_name": "account", "migration": "0004_auto__add_smscheckcode"}}, {"pk": 35, "model": "south.migrationhistory", "fields": {"applied": "2015-08-31T15:44:54.488", "app_name": "account", "migration": "0005_auto__chg_field_smscheckcode_phone__chg_field_smscheckcode_checkCode"}}, {"pk": 1, "model": "survey.paper", "fields": {"code": "paper-template-01", "description": "\u6d4b\u8bd5\u7528\u4f8b\u7684\u6570\u636e(\u4e0d\u80fd\u5220\u9664\u548c\u4fee\u6539)", "title": "\u7f51\u8d2d\u5ba2\u6237\u6ee1\u610f\u5ea6\u8c03\u67e5", "type": "T", "lookBack": true, "step": false, "createBy": 1, "survey": null, "modifyTime": "2014-10-06T16:05:05", "questionNumStyle": "(1)(2)(3)", "inOrder": false, "createTime": "2014-05-21T10:25:55", "modifyBy": 1}}, {"pk": 2, "model": "survey.paper", "fields": {"code": "paper-template-test02", "description": "\u51c0\u63a8\u8350\u503c\uff08NPS\uff09\u53c8\u79f0\u51c0\u4fc3\u8fdb\u8005\u5f97\u5206\uff0c\u662f\u4e00\u79cd\u8ba1\u91cf\u67d0\u4e2a\u5ba2\u6237\u5c06\u4f1a\u5411\u5176\u4ed6\u4eba\u63a8\u8350\u67d0\u4e2a\u4f01\u4e1a\u6216\u670d\u52a1\u53ef\u80fd\u6027\u7684\u6307\u6570\u3002\u5b83\u662f\u6700\u6d41\u884c\u7684\u987e\u5ba2\u5fe0\u8bda\u5ea6\u5206\u6790\u6307\u6807\uff0c\u4e13\u6ce8\u4e8e\u987e\u5ba2\u53e3\u7891\u5982\u4f55\u5f71\u54cd\u4f01\u4e1a\u6210\u957f\u3002\u901a\u8fc7\u5bc6\u5207\u8ddf\u8e2a\u51c0\u63a8\u8350\u503c\uff0c\u4f01\u4e1a\u53ef\u4ee5\u8ba9\u81ea\u5df1\u66f4\u52a0\u6210\u529f\u3002", "title": "\u51c0\u63a8\u4ecb\u503c\u8c03\u67e5", "type": "T", "lookBack": false, "step": false, "createBy": 3, "survey": null, "modifyTime": "2014-08-15T16:16:26", "questionNumStyle": "123", "inOrder": false, "createTime": "2014-08-15T16:16:02", "modifyBy": 3}}, {"pk": 3, "model": "survey.paper", "fields": {"code": null, "description": "\u76d6\u6d1b\u666eQ12\u6d4b\u8bc4\u6cd5\u5c31\u662f\u9488\u5bf9\u524d\u5bfc\u6307\u6807\u4e2d\u5458\u5de5\u656c\u4e1a\u5ea6\u548c\u5de5\u4f5c\u73af\u5883\u7684\u6d4b\u91cf,\u8bf7\u60a8\u636e\u5b9e\u56de\u7b54\u4ee5\u4e0b\u95ee\u9898\uff0c\u611f\u8c22\u60a8\u7684\u53c2\u4e0e\uff01", "title": "\u76d6\u666e\u6d1bQ12\u5458\u5de5\u6ee1\u610f\u5ea6\u8c03\u67e5\u95ee\u5377", "type": "T", "lookBack": false, "step": false, "createBy": 3, "survey": null, "modifyTime": "2014-08-15T16:18:40.359", "questionNumStyle": "123", "inOrder": false, "createTime": "2014-08-15T16:17:58.796", "modifyBy": 3}}, {"pk": 4, "model": "survey.paper", "fields": {"code": null, "description": "\u6388\u8bfe\u8001\u5e08\uff1a            \uff1b\u8bfe\u7a0b\u540d\u79f0\uff1a             \uff1b\u73ed\u7ea7\uff1a                \uff1b\u8bf4\u660e\uff1a\u5b66\u5458\u7684\u610f\u89c1\u5bf9\u4fc3\u8fdb\u6559\u5e08\u63d0\u9ad8\u6559\u5b66\u6c34\u5e73\u3001\u6539\u8fdb\u8bfe\u7a0b\u6559\u5b66\u5177\u6709\u79ef\u6781\u4f5c\u7528\uff01\u6211\u4eec\u5c06\u5bf9\u6bcf\u95e8\u8bfe\u90fd\u8fdb\u884c\u8bc4\u5206\uff0c\u5e0c\u671b\u60a8\u5982\u5b9e\u586b\u5199\u95ee\u5377\uff0c\u611f\u8c22\u60a8\u7684\u652f\u6301\u548c\u5408\u4f5c\uff01", "title": "\u5317\u90ae\u2014\u91cc\u6602\u5168\u7403EMBA\u6559\u5b66\u8d28\u91cf\u8bc4\u4ef7\u8c03\u67e5", "type": "T", "lookBack": false, "step": false, "createBy": 3, "survey": null, "modifyTime": "2014-08-15T16:24:04.015", "questionNumStyle": "123", "inOrder": false, "createTime": "2014-08-15T16:23:52.937", "modifyBy": 3}}, {"pk": 5, "model": "survey.paper", "fields": {"code": "paper-instance-test01", "description": "\u95ee\u5377\u62f7\u8d1d\u7684\u6d4b\u8bd5\u7528\u4f8b\u7684\u6570\u636e(\u4e0d\u80fd\u5220\u9664\u548c\u4fee\u6539)", "title": "\u7f51\u8d2d\u5ba2\u6237\u6ee1\u610f\u5ea6\u8c03\u67e5", "type": "I", "lookBack": true, "step": false, "createBy": 1, "survey": 1, "modifyTime": "2014-08-18T19:14:22", "questionNumStyle": "(1)(2)(3)", "inOrder": false, "createTime": "2014-08-18T19:14:22", "modifyBy": 1}}, {"pk": 6, "model": "survey.paper", "fields": {"code": "paper-instance-test02", "description": "\u51c0\u63a8\u8350\u503c\uff08NPS\uff09\u53c8\u79f0\u51c0\u4fc3\u8fdb\u8005\u5f97\u5206\uff0c\u662f\u4e00\u79cd\u8ba1\u91cf\u67d0\u4e2a\u5ba2\u6237\u5c06\u4f1a\u5411\u5176\u4ed6\u4eba\u63a8\u8350\u67d0\u4e2a\u4f01\u4e1a\u6216\u670d\u52a1\u53ef\u80fd\u6027\u7684\u6307\u6570\u3002\u5b83\u662f\u6700\u6d41\u884c\u7684\u987e\u5ba2\u5fe0\u8bda\u5ea6\u5206\u6790\u6307\u6807\uff0c\u4e13\u6ce8\u4e8e\u987e\u5ba2\u53e3\u7891\u5982\u4f55\u5f71\u54cd\u4f01\u4e1a\u6210\u957f\u3002\u901a\u8fc7\u5bc6\u5207\u8ddf\u8e2a\u51c0\u63a8\u8350\u503c\uff0c\u4f01\u4e1a\u53ef\u4ee5\u8ba9\u81ea\u5df1\u66f4\u52a0\u6210\u529f\u3002", "title": "\u51c0\u63a8\u4ecb\u503c\u8c03\u67e5", "type": "I", "lookBack": false, "step": false, "createBy": 3, "survey": 2, "modifyTime": "2014-08-18T19:14:53", "questionNumStyle": "123", "inOrder": false, "createTime": "2014-08-18T19:14:53", "modifyBy": 3}}, {"pk": 7, "model": "survey.paper", "fields": {"code": "paper-instance-test03", "description": "\u95ee\u5377\u62f7\u8d1d\u7684\u6d4b\u8bd5\u7528\u4f8b\u7684\u6570\u636e(\u4e0d\u80fd\u5220\u9664\u548c\u4fee\u6539)", "title": "\u7f51\u8d2d\u5ba2\u6237\u6ee1\u610f\u5ea6\u8c03\u67e5", "type": "I", "lookBack": true, "step": false, "createBy": 1, "survey": 3, "modifyTime": "2014-09-01T14:46:35", "questionNumStyle": "(1)(2)(3)", "inOrder": false, "createTime": "2014-09-01T14:46:35", "modifyBy": 1}}, {"pk": 8, "model": "survey.paper", "fields": {"code": "paper-template-test01", "description": "\u95ee\u5377\u62f7\u8d1d\u7684\u6d4b\u8bd5\u7528\u4f8b\u7684\u6570\u636e(\u4e0d\u80fd\u5220\u9664\u548c\u4fee\u6539)", "title": "\u7f51\u8d2d\u5ba2\u6237\u6ee1\u610f\u5ea6\u8c03\u67e5", "type": "I", "lookBack": true, "step": false, "createBy": 1, "survey": 4, "modifyTime": "2014-09-13T22:23:44.009", "questionNumStyle": "(1)(2)(3)", "inOrder": false, "createTime": "2014-09-13T22:23:44.009", "modifyBy": 1}}, {"pk": 9, "model": "survey.paper", "fields": {"code": "paper-template-step-01", "description": "\u6d4b\u8bd5\u7528\u4f8b\u7684\u6570\u636e(\u4e0d\u80fd\u5220\u9664\u548c\u4fee\u6539)", "title": "\u7f51\u8d2d\u5ba2\u6237\u6ee1\u610f\u5ea6\u8c03\u67e5(\u5206\u6b65)", "type": "T", "lookBack": false, "step": true, "createBy": 1, "survey": null, "modifyTime": "2014-10-06T17:06:27.993", "questionNumStyle": "123", "inOrder": false, "createTime": "2014-10-06T16:04:01", "modifyBy": 1}}, {"pk": 10, "model": "survey.paper", "fields": {"code": null, "description": "\u6d4b\u8bd5\u7528\u4f8b\u7684\u6570\u636e(\u4e0d\u80fd\u5220\u9664\u548c\u4fee\u6539)", "title": "\u7f51\u8d2d\u5ba2\u6237\u6ee1\u610f\u5ea6\u8c03\u67e5(\u5206\u6b65)", "type": "I", "lookBack": false, "step": true, "createBy": 1, "survey": 5, "modifyTime": "2014-10-06T17:05:08.023", "questionNumStyle": "123", "inOrder": false, "createTime": "2014-10-06T16:13:01.281", "modifyBy": 1}}, {"pk": 11, "model": "survey.paper", "fields": {"code": null, "description": "\u6d4b\u8bd5\u7528\u4f8b\u7684\u6570\u636e(\u4e0d\u80fd\u5220\u9664\u548c\u4fee\u6539)", "title": "\u7f51\u8d2d\u5ba2\u6237\u6ee1\u610f\u5ea6\u8c03\u67e5(\u5206\u6b65)", "type": "I", "lookBack": false, "step": true, "createBy": 1, "survey": 6, "modifyTime": "2014-10-06T17:04:55.986", "questionNumStyle": "123", "inOrder": false, "createTime": "2014-10-06T16:13:15.784", "modifyBy": 1}}, {"pk": 12, "model": "survey.paper", "fields": {"code": "paper-template-question-type-01", "description": "\u95ee\u9898\u7c7b\u578b\u6d4b\u8bd5(\u4e0d\u80fd\u5220\u9664\u548c\u4fee\u6539)", "title": "\u95ee\u9898\u7c7b\u578b\u6d4b\u8bd5", "type": "T", "lookBack": false, "step": false, "createBy": 1, "survey": null, "modifyTime": "2015-02-23T10:09:45", "questionNumStyle": "123", "inOrder": false, "createTime": "2015-02-23T10:08:13", "modifyBy": 1}}, {"pk": 13, "model": "survey.paper", "fields": {"code": "paper-instance-question-type-01", "description": "\u95ee\u9898\u7c7b\u578b\u6d4b\u8bd5(\u4e0d\u80fd\u5220\u9664\u548c\u4fee\u6539)", "title": "\u95ee\u9898\u7c7b\u578b\u6d4b\u8bd5", "type": "I", "lookBack": false, "step": false, "createBy": 1, "survey": 7, "modifyTime": "2015-02-23T10:10:18", "questionNumStyle": "123", "inOrder": false, "createTime": "2015-02-23T10:10:18", "modifyBy": 1}}, {"pk": 14, "model": "survey.paper", "fields": {"code": "paper-template-question-type-01", "description": "\u95ee\u9898\u7c7b\u578b\u6d4b\u8bd5(\u4e0d\u80fd\u5220\u9664\u548c\u4fee\u6539)", "title": "\u95ee\u9898\u7c7b\u578b\u6d4b\u8bd5(\u5206\u6b65)", "type": "I", "lookBack": false, "step": true, "createBy": 1, "survey": 8, "modifyTime": "2015-02-24T17:25:44.638", "questionNumStyle": "123", "inOrder": false, "createTime": "2015-02-24T17:25:31.440", "modifyBy": 1}}, {"pk": 1, "model": "survey.question", "fields": {"valueMin": 0.0, "branchNumStyle": "ABC", "createBy": 1, "modifyBy": 1, "text": "\u60a8\u5e73\u65f6\u662f\u5426\u5728\u7f51\u4e0a\u8d2d\u7f51\uff1f", "contentLength": 0, "confused": false, "paper": 1, "modifyTime": "2014-07-02T10:30:19.812", "ord": 0, "nextQuestion": null, "type": "Single", "createTime": "2014-05-21T10:31:32", "valueMax": 10.0}}, {"pk": 2, "model": "survey.question", "fields": {"valueMin": 0.0, "branchNumStyle": "ABC", "createBy": 1, "modifyBy": 1, "text": "\u60a8\u6700\u5e38\u53bb\u7684\u8d2d\u7269\u7f51\u7ad9\u662f\uff1f", "contentLength": 0, "confused": false, "paper": 1, "modifyTime": "2014-07-02T10:22:27.890", "ord": 1, "nextQuestion": null, "type": "Single", "createTime": "2014-05-21T10:38:23", "valueMax": 10.0}}, {"pk": 3, "model": "survey.question", "fields": {"valueMin": 0.0, "branchNumStyle": "ABC", "createBy": 1, "modifyBy": 1, "text": "\u60a8\u89c9\u5f97\u4eac\u4e1c\u7684\u90a3\u4e9b\u670d\u52a1\u505a\u7684\u6dd8\u5b9d\u597d\uff1f", "contentLength": 0, "confused": false, "paper": 1, "modifyTime": "2014-06-27T11:04:55.406", "ord": 2, "nextQuestion": null, "type": "Single", "createTime": "2014-05-21T10:39:42", "valueMax": 10.0}}, {"pk": 4, "model": "survey.question", "fields": {"valueMin": 0.0, "branchNumStyle": "ABC", "createBy": 1, "modifyBy": 1, "text": "\u60a8\u89c9\u5f97\u5f53\u5f53\u7684\u90a3\u4e9b\u670d\u52a1\u505a\u7684\u6dd8\u5b9d\u597d\uff1f", "contentLength": 0, "confused": false, "paper": 1, "modifyTime": "2014-07-02T09:35:18.296", "ord": 3, "nextQuestion": null, "type": "Single", "createTime": "2014-05-21T10:40:29", "valueMax": 10.0}}, {"pk": 5, "model": "survey.question", "fields": {"valueMin": 0.0, "branchNumStyle": "ABC", "createBy": 6, "modifyBy": 6, "text": "", "contentLength": 0, "confused": false, "paper": null, "modifyTime": "2014-05-21T15:32:06", "ord": 101, "nextQuestion": null, "type": "EndValid", "createTime": "2014-05-21T15:32:06", "valueMax": 10.0}}, {"pk": 6, "model": "survey.question", "fields": {"valueMin": 0.0, "branchNumStyle": "ABC", "createBy": 6, "modifyBy": 6, "text": "", "contentLength": 0, "confused": false, "paper": null, "modifyTime": "2014-05-21T15:33:19", "ord": 102, "nextQuestion": null, "type": "EndInvalid", "createTime": "2014-05-21T15:33:18", "valueMax": 10.0}}, {"pk": 7, "model": "survey.question", "fields": {"valueMin": 0.0, "branchNumStyle": "ABC", "createBy": 3, "modifyBy": 3, "text": "\u4f60\u5411\u670b\u53cb\u6216\u540c\u4e8b\u63a8\u4ecb*******\u4ea7\u54c1\u7684\u53ef\u80fd\u6027\u6709\u591a\u5927\uff1f", "contentLength": 0, "confused": false, "paper": 2, "modifyTime": "2014-08-15T16:16:56.703", "ord": 0, "nextQuestion": null, "type": "Single", "createTime": "2014-08-15T16:16:28.125", "valueMax": 10.0}}, {"pk": 8, "model": "survey.question", "fields": {"valueMin": 0.0, "branchNumStyle": "ABC", "createBy": 3, "modifyBy": 3, "text": "\u6211\u77e5\u9053\u516c\u53f8\u5bf9\u6211\u7684\u5de5\u4f5c\u8981\u6c42", "contentLength": 0, "confused": false, "paper": 3, "modifyTime": "2014-08-15T16:18:46.406", "ord": 0, "nextQuestion": null, "type": "Single", "createTime": "2014-08-15T16:18:41.671", "valueMax": 10.0}}, {"pk": 9, "model": "survey.question", "fields": {"valueMin": 0.0, "branchNumStyle": "ABC", "createBy": 3, "modifyBy": 3, "text": "\u6211\u6709\u505a\u597d\u6211\u7684\u5de5\u4f5c\u6240\u9700\u8981\u7684\u6750\u6599\u548c\u8bbe\u5907", "contentLength": 0, "confused": false, "paper": 3, "modifyTime": "2014-08-15T16:19:40.484", "ord": 1, "nextQuestion": null, "type": "Single", "createTime": "2014-08-15T16:19:16.296", "valueMax": 10.0}}, {"pk": 10, "model": "survey.question", "fields": {"valueMin": 0.0, "branchNumStyle": "ABC", "createBy": 3, "modifyBy": 3, "text": "\u5728\u5de5\u4f5c\u4e2d\uff0c\u6211\u6bcf\u5929\u90fd\u6709\u673a\u4f1a\u505a\u6211\u6700\u64c5\u957f\u505a\u7684\u4e8b", "contentLength": 0, "confused": false, "paper": 3, "modifyTime": "2014-08-15T16:20:50.484", "ord": 2, "nextQuestion": null, "type": "Single", "createTime": "2014-08-15T16:20:36.812", "valueMax": 10.0}}, {"pk": 11, "model": "survey.question", "fields": {"valueMin": 0.0, "branchNumStyle": "ABC", "createBy": 3, "modifyBy": 3, "text": "\u5728\u8fc7\u53bb\u7684\u4e03\u5929\u91cc\uff0c\u6211\u56e0\u5de5\u4f5c\u51fa\u8272\u53d7\u5230\u8868\u626c", "contentLength": 0, "confused": false, "paper": 3, "modifyTime": "2014-08-15T16:21:12.531", "ord": 3, "nextQuestion": null, "type": "Single", "createTime": "2014-08-15T16:20:59.312", "valueMax": 10.0}}, {"pk": 12, "model": "survey.question", "fields": {"valueMin": 0.0, "branchNumStyle": "ABC", "createBy": 3, "modifyBy": 3, "text": "\u6211\u89c9\u5f97\u6211\u7684\u4e3b\u7ba1\u6216\u540c\u4e8b\u5173\u5fc3\u6211\u7684\u4e2a\u4eba\u60c5\u51b5 ", "contentLength": 0, "confused": false, "paper": 3, "modifyTime": "2014-08-15T16:21:29.671", "ord": 4, "nextQuestion": null, "type": "Single", "createTime": "2014-08-15T16:21:20.484", "valueMax": 10.0}}, {"pk": 13, "model": "survey.question", "fields": {"valueMin": 0.0, "branchNumStyle": "ABC", "createBy": 3, "modifyBy": 3, "text": "\u5de5\u4f5c\u5355\u4f4d\u6709\u4eba\u9f13\u52b1\u6211\u7684\u53d1\u5c55", "contentLength": 0, "confused": false, "paper": 3, "modifyTime": "2014-08-15T16:21:40.968", "ord": 5, "nextQuestion": null, "type": "Single", "createTime": "2014-08-15T16:21:31.234", "valueMax": 10.0}}, {"pk": 14, "model": "survey.question", "fields": {"valueMin": 0.0, "branchNumStyle": "ABC", "createBy": 3, "modifyBy": 3, "text": "\u5728\u5de5\u4f5c\u4e2d\uff0c\u6211\u89c9\u5f97\u6211\u7684\u610f\u89c1\u53d7\u5230\u91cd\u89c6", "contentLength": 0, "confused": false, "paper": 3, "modifyTime": "2014-08-15T16:21:51.593", "ord": 6, "nextQuestion": null, "type": "Single", "createTime": "2014-08-15T16:21:42.640", "valueMax": 10.0}}, {"pk": 15, "model": "survey.question", "fields": {"valueMin": 0.0, "branchNumStyle": "ABC", "createBy": 3, "modifyBy": 3, "text": "\u516c\u53f8\u7684\u4f7f\u547d/\u76ee\u6807\u4f7f\u6211\u89c9\u5f97\u6211\u7684\u5de5\u4f5c\u5f88\u91cd\u8981", "contentLength": 0, "confused": false, "paper": 3, "modifyTime": "2014-08-15T16:22:00.468", "ord": 7, "nextQuestion": null, "type": "Single", "createTime": "2014-08-15T16:21:52.890", "valueMax": 10.0}}, {"pk": 16, "model": "survey.question", "fields": {"valueMin": 0.0, "branchNumStyle": "ABC", "createBy": 3, "modifyBy": 3, "text": "\u6211\u7684\u540c\u4e8b\u4eec\u81f4\u529b\u4e8e\u9ad8\u8d28\u91cf\u7684\u5de5\u4f5c", "contentLength": 0, "confused": false, "paper": 3, "modifyTime": "2014-08-15T16:22:11", "ord": 8, "nextQuestion": null, "type": "Single", "createTime": "2014-08-15T16:22:01.859", "valueMax": 10.0}}, {"pk": 17, "model": "survey.question", "fields": {"valueMin": 0.0, "branchNumStyle": "ABC", "createBy": 3, "modifyBy": 3, "text": "\u6211\u5728\u5de5\u4f5c\u5355\u4f4d\u6709\u4e00\u4e2a\u6700\u8981\u597d\u7684\u670b\u53cb", "contentLength": 0, "confused": false, "paper": 3, "modifyTime": "2014-08-15T16:22:21.640", "ord": 9, "nextQuestion": null, "type": "Single", "createTime": "2014-08-15T16:22:12.234", "valueMax": 10.0}}, {"pk": 18, "model": "survey.question", "fields": {"valueMin": 0.0, "branchNumStyle": "ABC", "createBy": 3, "modifyBy": 3, "text": "\u5728\u8fc7\u53bb\u7684\u516d\u4e2a\u6708\u5185\uff0c\u5de5\u4f5c\u5355\u4f4d\u6709\u4eba\u548c\u6211\u8c08\u53ca\u6211\u7684\u8fdb\u6b65 ", "contentLength": 0, "confused": false, "paper": 3, "modifyTime": "2014-08-15T16:22:30.281", "ord": 10, "nextQuestion": null, "type": "Single", "createTime": "2014-08-15T16:22:22.812", "valueMax": 10.0}}, {"pk": 19, "model": "survey.question", "fields": {"valueMin": 0.0, "branchNumStyle": "ABC", "createBy": 3, "modifyBy": 3, "text": "\u8fc7\u53bb\u4e00\u5e74\u91cc\uff0c\u6211\u5728\u5de5\u4f5c\u4e2d\u6709\u673a\u4f1a\u5b66\u4e60\u548c\u6210\u957f", "contentLength": 0, "confused": false, "paper": 3, "modifyTime": "2014-08-15T16:22:41.421", "ord": 11, "nextQuestion": null, "type": "Single", "createTime": "2014-08-15T16:22:31.718", "valueMax": 10.0}}, {"pk": 20, "model": "survey.question", "fields": {"valueMin": 0.0, "branchNumStyle": "ABC", "createBy": 3, "modifyBy": 3, "text": "\u8bf7\u60a8\u9009\u62e9\u9002\u5f53\u7684\u5173\u4e8e\u201c\u6559\u5b66\u6001\u5ea6\u201d\u7684\u63cf\u8ff0\uff1a", "contentLength": 0, "confused": false, "paper": 4, "modifyTime": "2014-08-15T16:24:16.078", "ord": 0, "nextQuestion": null, "type": "Single", "createTime": "2014-08-15T16:24:05.734", "valueMax": 10.0}}, {"pk": 21, "model": "survey.question", "fields": {"valueMin": 0.0, "branchNumStyle": "ABC", "createBy": 3, "modifyBy": 3, "text": "\u8bf7\u60a8\u9009\u62e9\u9002\u5f53\u7684\u5173\u4e8e\u201c\u6559\u5b66\u6c34\u5e73\u201d\u7684\u63cf\u8ff0\uff1a", "contentLength": 0, "confused": false, "paper": 4, "modifyTime": "2014-08-15T16:24:56.234", "ord": 1, "nextQuestion": null, "type": "Single", "createTime": "2014-08-15T16:24:45.625", "valueMax": 10.0}}, {"pk": 22, "model": "survey.question", "fields": {"valueMin": 0.0, "branchNumStyle": "ABC", "createBy": 3, "modifyBy": 3, "text": "\u8bf7\u60a8\u9009\u62e9\u9002\u5f53\u7684\u5173\u4e8e\u201c\u6559\u5b66\u65b9\u6cd5\u201d\u7684\u63cf\u8ff0\uff1a", "contentLength": 0, "confused": false, "paper": 4, "modifyTime": "2014-08-15T16:25:30.578", "ord": 2, "nextQuestion": null, "type": "Single", "createTime": "2014-08-15T16:25:19.562", "valueMax": 10.0}}, {"pk": 23, "model": "survey.question", "fields": {"valueMin": 0.0, "branchNumStyle": "ABC", "createBy": 3, "modifyBy": 3, "text": "\u8bf7\u60a8\u9009\u62e9\u9002\u5f53\u7684\u5173\u4e8e\u201c\u91cd\u70b9\u548c\u96be\u70b9\u8bb2\u89e3\u201d\u7684\u63cf\u8ff0\uff1a", "contentLength": 0, "confused": false, "paper": 4, "modifyTime": "2014-08-15T16:26:02.640", "ord": 3, "nextQuestion": null, "type": "Single", "createTime": "2014-08-15T16:25:53.218", "valueMax": 10.0}}, {"pk": 24, "model": "survey.question", "fields": {"valueMin": 0.0, "branchNumStyle": "ABC", "createBy": 3, "modifyBy": 3, "text": "\u8bf7\u60a8\u9009\u62e9\u9002\u5f53\u7684\u5173\u4e8e\u201c\u6848\u4f8b\u6559\u5b66\u4e0e\u6559\u5b66\u5b9e\u8df5\u201d\u7684\u63cf\u8ff0\uff1a", "contentLength": 0, "confused": false, "paper": 4, "modifyTime": "2014-08-15T16:27:28.750", "ord": 4, "nextQuestion": null, "type": "Single", "createTime": "2014-08-15T16:26:26.187", "valueMax": 10.0}}, {"pk": 25, "model": "survey.question", "fields": {"valueMin": 0.0, "branchNumStyle": "ABC", "createBy": 1, "modifyBy": 1, "text": "\u60a8\u5e73\u65f6\u662f\u5426\u5728\u7f51\u4e0a\u8d2d\u7f51\uff1f", "contentLength": 0, "confused": false, "paper": 5, "modifyTime": "2014-08-18T19:14:22.676", "ord": 0, "nextQuestion": null, "type": "Single", "createTime": "2014-08-18T19:14:22.676", "valueMax": 10.0}}, {"pk": 26, "model": "survey.question", "fields": {"valueMin": 0.0, "branchNumStyle": "ABC", "createBy": 1, "modifyBy": 1, "text": "\u60a8\u6700\u5e38\u53bb\u7684\u8d2d\u7269\u7f51\u7ad9\u662f\uff1f", "contentLength": 0, "confused": false, "paper": 5, "modifyTime": "2014-08-18T19:14:22.686", "ord": 1, "nextQuestion": null, "type": "Single", "createTime": "2014-08-18T19:14:22.686", "valueMax": 10.0}}, {"pk": 27, "model": "survey.question", "fields": {"valueMin": 0.0, "branchNumStyle": "ABC", "createBy": 1, "modifyBy": 1, "text": "\u60a8\u89c9\u5f97\u4eac\u4e1c\u7684\u90a3\u4e9b\u670d\u52a1\u505a\u7684\u6dd8\u5b9d\u597d\uff1f", "contentLength": 0, "confused": false, "paper": 5, "modifyTime": "2014-08-18T19:14:22.693", "ord": 2, "nextQuestion": null, "type": "Single", "createTime": "2014-08-18T19:14:22.693", "valueMax": 10.0}}, {"pk": 28, "model": "survey.question", "fields": {"valueMin": 0.0, "branchNumStyle": "ABC", "createBy": 1, "modifyBy": 1, "text": "\u60a8\u89c9\u5f97\u5f53\u5f53\u7684\u90a3\u4e9b\u670d\u52a1\u505a\u7684\u6dd8\u5b9d\u597d\uff1f", "contentLength": 0, "confused": false, "paper": 5, "modifyTime": "2014-08-18T19:14:22.698", "ord": 3, "nextQuestion": null, "type": "Single", "createTime": "2014-08-18T19:14:22.698", "valueMax": 10.0}}, {"pk": 29, "model": "survey.question", "fields": {"valueMin": 0.0, "branchNumStyle": "ABC", "createBy": 3, "modifyBy": 3, "text": "\u4f60\u5411\u670b\u53cb\u6216\u540c\u4e8b\u63a8\u4ecb*******\u4ea7\u54c1\u7684\u53ef\u80fd\u6027\u6709\u591a\u5927\uff1f", "contentLength": 0, "confused": false, "paper": 6, "modifyTime": "2014-08-18T19:14:53.820", "ord": 0, "nextQuestion": null, "type": "Single", "createTime": "2014-08-18T19:14:53.820", "valueMax": 10.0}}, {"pk": 30, "model": "survey.question", "fields": {"valueMin": 0.0, "branchNumStyle": "ABC", "createBy": 1, "modifyBy": 1, "text": "\u60a8\u5e73\u65f6\u662f\u5426\u5728\u7f51\u4e0a\u8d2d\u7f51\uff1f", "contentLength": 0, "confused": false, "paper": 7, "modifyTime": "2014-09-01T14:46:35.046", "ord": 0, "nextQuestion": null, "type": "Single", "createTime": "2014-09-01T14:46:35.046", "valueMax": 10.0}}, {"pk": 31, "model": "survey.question", "fields": {"valueMin": 0.0, "branchNumStyle": "ABC", "createBy": 1, "modifyBy": 1, "text": "\u60a8\u6700\u5e38\u53bb\u7684\u8d2d\u7269\u7f51\u7ad9\u662f\uff1f", "contentLength": 0, "confused": false, "paper": 7, "modifyTime": "2014-09-01T14:46:35.062", "ord": 1, "nextQuestion": null, "type": "Single", "createTime": "2014-09-01T14:46:35.062", "valueMax": 10.0}}, {"pk": 32, "model": "survey.question", "fields": {"valueMin": 0.0, "branchNumStyle": "ABC", "createBy": 1, "modifyBy": 1, "text": "\u60a8\u89c9\u5f97\u4eac\u4e1c\u7684\u90a3\u4e9b\u670d\u52a1\u505a\u7684\u6dd8\u5b9d\u597d\uff1f", "contentLength": 0, "confused": false, "paper": 7, "modifyTime": "2014-09-01T14:46:35.078", "ord": 2, "nextQuestion": null, "type": "Single", "createTime": "2014-09-01T14:46:35.078", "valueMax": 10.0}}, {"pk": 33, "model": "survey.question", "fields": {"valueMin": 0.0, "branchNumStyle": "ABC", "createBy": 1, "modifyBy": 1, "text": "\u60a8\u89c9\u5f97\u5f53\u5f53\u7684\u90a3\u4e9b\u670d\u52a1\u505a\u7684\u6dd8\u5b9d\u597d\uff1f", "contentLength": 0, "confused": false, "paper": 7, "modifyTime": "2014-09-01T14:46:35.093", "ord": 3, "nextQuestion": null, "type": "Single", "createTime": "2014-09-01T14:46:35.093", "valueMax": 10.0}}, {"pk": 34, "model": "survey.question", "fields": {"valueMin": 0.0, "branchNumStyle": "ABC", "createBy": 1, "modifyBy": 1, "text": "\u60a8\u5e73\u65f6\u662f\u5426\u5728\u7f51\u4e0a\u8d2d\u7f51\uff1f", "contentLength": 0, "confused": false, "paper": 8, "modifyTime": "2014-09-13T22:23:44.011", "ord": 0, "nextQuestion": null, "type": "Single", "createTime": "2014-09-13T22:23:44.011", "valueMax": 10.0}}, {"pk": 35, "model": "survey.question", "fields": {"valueMin": 0.0, "branchNumStyle": "ABC", "createBy": 1, "modifyBy": 1, "text": "\u60a8\u6700\u5e38\u53bb\u7684\u8d2d\u7269\u7f51\u7ad9\u662f\uff1f", "contentLength": 0, "confused": false, "paper": 8, "modifyTime": "2014-09-13T22:23:44.016", "ord": 1, "nextQuestion": null, "type": "Single", "createTime": "2014-09-13T22:23:44.016", "valueMax": 10.0}}, {"pk": 36, "model": "survey.question", "fields": {"valueMin": 0.0, "branchNumStyle": "ABC", "createBy": 1, "modifyBy": 1, "text": "\u60a8\u89c9\u5f97\u4eac\u4e1c\u7684\u90a3\u4e9b\u670d\u52a1\u505a\u7684\u6dd8\u5b9d\u597d\uff1f", "contentLength": 0, "confused": false, "paper": 8, "modifyTime": "2014-09-13T22:23:44.021", "ord": 2, "nextQuestion": null, "type": "Single", "createTime": "2014-09-13T22:23:44.021", "valueMax": 10.0}}, {"pk": 37, "model": "survey.question", "fields": {"valueMin": 0.0, "branchNumStyle": "ABC", "createBy": 1, "modifyBy": 1, "text": "\u60a8\u89c9\u5f97\u5f53\u5f53\u7684\u90a3\u4e9b\u670d\u52a1\u505a\u7684\u6dd8\u5b9d\u597d\uff1f", "contentLength": 0, "confused": false, "paper": 8, "modifyTime": "2014-09-13T22:23:44.026", "ord": 3, "nextQuestion": null, "type": "Single", "createTime": "2014-09-13T22:23:44.026", "valueMax": 10.0}}, {"pk": 38, "model": "survey.question", "fields": {"valueMin": 0.0, "branchNumStyle": "ABC", "createBy": 1, "modifyBy": 1, "text": "\u60a8\u5e73\u65f6\u662f\u5426\u5728\u7f51\u4e0a\u8d2d\u7f51\uff1f", "contentLength": 0, "confused": false, "paper": 9, "modifyTime": "2014-10-06T16:06:04.189", "ord": 0, "nextQuestion": null, "type": "Single", "createTime": "2014-10-06T16:05:44.411", "valueMax": 10.0}}, {"pk": 39, "model": "survey.question", "fields": {"valueMin": 0.0, "branchNumStyle": "ABC", "createBy": 1, "modifyBy": 1, "text": "\u60a8\u6700\u5e38\u53bb\u7684\u8d2d\u7269\u7f51\u7ad9\u662f\uff1f", "contentLength": 0, "confused": false, "paper": 9, "modifyTime": "2014-10-06T16:06:39.881", "ord": 1, "nextQuestion": null, "type": "Single", "createTime": "2014-10-06T16:05:47.383", "valueMax": 10.0}}, {"pk": 40, "model": "survey.question", "fields": {"valueMin": 0.0, "branchNumStyle": "ABC", "createBy": 1, "modifyBy": 1, "text": "\u60a8\u89c9\u5f97\u4eac\u4e1c\u7684\u90a3\u4e9b\u670d\u52a1\u505a\u7684\u6dd8\u5b9d\u597d\uff1f", "contentLength": 0, "confused": false, "paper": 9, "modifyTime": "2014-10-06T16:07:06.936", "ord": 2, "nextQuestion": null, "type": "Single", "createTime": "2014-10-06T16:05:50.247", "valueMax": 10.0}}, {"pk": 41, "model": "survey.question", "fields": {"valueMin": 0.0, "branchNumStyle": "ABC", "createBy": 1, "modifyBy": 1, "text": "\u60a8\u89c9\u5f97\u5f53\u5f53\u7684\u90a3\u4e9b\u670d\u52a1\u505a\u7684\u6dd8\u5b9d\u597d\uff1f", "contentLength": 0, "confused": false, "paper": 9, "modifyTime": "2014-10-06T16:07:46.722", "ord": 3, "nextQuestion": null, "type": "Single", "createTime": "2014-10-06T16:05:52.902", "valueMax": 10.0}}, {"pk": 42, "model": "survey.question", "fields": {"valueMin": 0.0, "branchNumStyle": "ABC", "createBy": 1, "modifyBy": 1, "text": "\u60a8\u5e73\u65f6\u662f\u5426\u5728\u7f51\u4e0a\u8d2d\u7f51\uff1f", "contentLength": 0, "confused": false, "paper": 10, "modifyTime": "2014-10-06T16:13:01.283", "ord": 0, "nextQuestion": null, "type": "Single", "createTime": "2014-10-06T16:13:01.283", "valueMax": 10.0}}, {"pk": 43, "model": "survey.question", "fields": {"valueMin": 0.0, "branchNumStyle": "ABC", "createBy": 1, "modifyBy": 1, "text": "\u60a8\u6700\u5e38\u53bb\u7684\u8d2d\u7269\u7f51\u7ad9\u662f\uff1f", "contentLength": 0, "confused": false, "paper": 10, "modifyTime": "2014-10-06T16:13:01.289", "ord": 1, "nextQuestion": null, "type": "Single", "createTime": "2014-10-06T16:13:01.289", "valueMax": 10.0}}, {"pk": 44, "model": "survey.question", "fields": {"valueMin": 0.0, "branchNumStyle": "ABC", "createBy": 1, "modifyBy": 1, "text": "\u60a8\u89c9\u5f97\u4eac\u4e1c\u7684\u90a3\u4e9b\u670d\u52a1\u505a\u7684\u6dd8\u5b9d\u597d\uff1f", "contentLength": 0, "confused": false, "paper": 10, "modifyTime": "2014-10-06T16:13:01.295", "ord": 2, "nextQuestion": null, "type": "Single", "createTime": "2014-10-06T16:13:01.295", "valueMax": 10.0}}, {"pk": 45, "model": "survey.question", "fields": {"valueMin": 0.0, "branchNumStyle": "ABC", "createBy": 1, "modifyBy": 1, "text": "\u60a8\u89c9\u5f97\u5f53\u5f53\u7684\u90a3\u4e9b\u670d\u52a1\u505a\u7684\u6dd8\u5b9d\u597d\uff1f", "contentLength": 0, "confused": false, "paper": 10, "modifyTime": "2014-10-06T16:13:01.301", "ord": 3, "nextQuestion": null, "type": "Single", "createTime": "2014-10-06T16:13:01.301", "valueMax": 10.0}}, {"pk": 46, "model": "survey.question", "fields": {"valueMin": 0.0, "branchNumStyle": "ABC", "createBy": 1, "modifyBy": 1, "text": "\u60a8\u5e73\u65f6\u662f\u5426\u5728\u7f51\u4e0a\u8d2d\u7f51\uff1f", "contentLength": 0, "confused": false, "paper": 11, "modifyTime": "2014-10-06T16:13:15.786", "ord": 0, "nextQuestion": null, "type": "Single", "createTime": "2014-10-06T16:13:15.786", "valueMax": 10.0}}, {"pk": 47, "model": "survey.question", "fields": {"valueMin": 0.0, "branchNumStyle": "ABC", "createBy": 1, "modifyBy": 1, "text": "\u60a8\u6700\u5e38\u53bb\u7684\u8d2d\u7269\u7f51\u7ad9\u662f\uff1f", "contentLength": 0, "confused": false, "paper": 11, "modifyTime": "2014-10-06T16:13:15.792", "ord": 1, "nextQuestion": null, "type": "Single", "createTime": "2014-10-06T16:13:15.792", "valueMax": 10.0}}, {"pk": 48, "model": "survey.question", "fields": {"valueMin": 0.0, "branchNumStyle": "ABC", "createBy": 1, "modifyBy": 1, "text": "\u60a8\u89c9\u5f97\u4eac\u4e1c\u7684\u90a3\u4e9b\u670d\u52a1\u505a\u7684\u6dd8\u5b9d\u597d\uff1f", "contentLength": 0, "confused": false, "paper": 11, "modifyTime": "2014-10-06T16:13:15.798", "ord": 2, "nextQuestion": null, "type": "Single", "createTime": "2014-10-06T16:13:15.798", "valueMax": 10.0}}, {"pk": 49, "model": "survey.question", "fields": {"valueMin": 0.0, "branchNumStyle": "ABC", "createBy": 1, "modifyBy": 1, "text": "\u60a8\u89c9\u5f97\u5f53\u5f53\u7684\u90a3\u4e9b\u670d\u52a1\u505a\u7684\u6dd8\u5b9d\u597d\uff1f", "contentLength": 0, "confused": false, "paper": 11, "modifyTime": "2014-10-06T16:13:15.804", "ord": 3, "nextQuestion": null, "type": "Single", "createTime": "2014-10-06T16:13:15.804", "valueMax": 10.0}}, {"pk": 50, "model": "survey.question", "fields": {"valueMin": 0.0, "branchNumStyle": "ABC", "createBy": 1, "modifyBy": 1, "text": "\u65b0\u589e\u5355\u9009\u9898", "contentLength": 0, "confused": false, "paper": 12, "modifyTime": "2015-02-23T10:09:00.183", "ord": 0, "nextQuestion": null, "type": "Single", "createTime": "2015-02-23T10:09:00.183", "valueMax": 10.0}}, {"pk": 51, "model": "survey.question", "fields": {"valueMin": 0.0, "branchNumStyle": "ABC", "createBy": 1, "modifyBy": 1, "text": "\u65b0\u589e\u591a\u9009\u9898", "contentLength": 0, "confused": false, "paper": 12, "modifyTime": "2015-02-23T10:09:04.351", "ord": 1, "nextQuestion": null, "type": "Multiple", "createTime": "2015-02-23T10:09:04.351", "valueMax": 10.0}}, {"pk": 52, "model": "survey.question", "fields": {"valueMin": 0.0, "branchNumStyle": "ABC", "createBy": 1, "modifyBy": 1, "text": "\u65b0\u589e\u95ee\u7b54\u9898", "contentLength": 0, "confused": false, "paper": 12, "modifyTime": "2015-02-23T10:09:09.475", "ord": 2, "nextQuestion": null, "type": "Text", "createTime": "2015-02-23T10:09:09.475", "valueMax": 10.0}}, {"pk": 53, "model": "survey.question", "fields": {"valueMin": 0.0, "branchNumStyle": "ABC", "createBy": 1, "modifyBy": 1, "text": "\u65b0\u589e\u8bc4\u5206\u9898", "contentLength": 0, "confused": false, "paper": 12, "modifyTime": "2015-02-23T10:09:12.899", "ord": 3, "nextQuestion": null, "type": "Score", "createTime": "2015-02-23T10:09:12.899", "valueMax": 10.0}}, {"pk": 54, "model": "survey.question", "fields": {"valueMin": 0.0, "branchNumStyle": "ABC", "createBy": 1, "modifyBy": 1, "text": "\u65b0\u589e\u5355\u9009\u9898", "contentLength": 0, "confused": false, "paper": 13, "modifyTime": "2015-02-23T10:10:18.378", "ord": 0, "nextQuestion": null, "type": "Single", "createTime": "2015-02-23T10:10:18.378", "valueMax": 10.0}}, {"pk": 55, "model": "survey.question", "fields": {"valueMin": 0.0, "branchNumStyle": "ABC", "createBy": 1, "modifyBy": 1, "text": "\u65b0\u589e\u591a\u9009\u9898", "contentLength": 0, "confused": false, "paper": 13, "modifyTime": "2015-02-23T10:10:18.385", "ord": 1, "nextQuestion": null, "type": "Multiple", "createTime": "2015-02-23T10:10:18.385", "valueMax": 10.0}}, {"pk": 56, "model": "survey.question", "fields": {"valueMin": 0.0, "branchNumStyle": "ABC", "createBy": 1, "modifyBy": 1, "text": "\u65b0\u589e\u95ee\u7b54\u9898", "contentLength": 0, "confused": false, "paper": 13, "modifyTime": "2015-02-23T10:10:18.391", "ord": 2, "nextQuestion": null, "type": "Text", "createTime": "2015-02-23T10:10:18.391", "valueMax": 10.0}}, {"pk": 57, "model": "survey.question", "fields": {"valueMin": 0.0, "branchNumStyle": "ABC", "createBy": 1, "modifyBy": 1, "text": "\u65b0\u589e\u8bc4\u5206\u9898", "contentLength": 0, "confused": false, "paper": 13, "modifyTime": "2015-02-23T10:10:18.393", "ord": 3, "nextQuestion": null, "type": "Score", "createTime": "2015-02-23T10:10:18.393", "valueMax": 10.0}}, {"pk": 58, "model": "survey.question", "fields": {"valueMin": 0.0, "branchNumStyle": "ABC", "createBy": 1, "modifyBy": 1, "text": "\u65b0\u589e\u5355\u9009\u9898", "contentLength": 0, "confused": false, "paper": 14, "modifyTime": "2015-02-24T17:25:31.441", "ord": 0, "nextQuestion": null, "type": "Single", "createTime": "2015-02-24T17:25:31.441", "valueMax": 10.0}}, {"pk": 59, "model": "survey.question", "fields": {"valueMin": 0.0, "branchNumStyle": "ABC", "createBy": 1, "modifyBy": 1, "text": "\u65b0\u589e\u591a\u9009\u9898", "contentLength": 0, "confused": false, "paper": 14, "modifyTime": "2015-02-24T17:25:31.446", "ord": 1, "nextQuestion": null, "type": "Multiple", "createTime": "2015-02-24T17:25:31.446", "valueMax": 10.0}}, {"pk": 60, "model": "survey.question", "fields": {"valueMin": 0.0, "branchNumStyle": "ABC", "createBy": 1, "modifyBy": 1, "text": "\u65b0\u589e\u95ee\u7b54\u9898", "contentLength": 0, "confused": false, "paper": 14, "modifyTime": "2015-02-24T17:25:31.452", "ord": 2, "nextQuestion": null, "type": "Text", "createTime": "2015-02-24T17:25:31.452", "valueMax": 10.0}}, {"pk": 61, "model": "survey.question", "fields": {"valueMin": 0.0, "branchNumStyle": "ABC", "createBy": 1, "modifyBy": 1, "text": "\u65b0\u589e\u8bc4\u5206\u9898", "contentLength": 0, "confused": false, "paper": 14, "modifyTime": "2015-02-24T17:25:31.453", "ord": 3, "nextQuestion": null, "type": "Score", "createTime": "2015-02-24T17:25:31.453", "valueMax": 10.0}}, {"pk": 1, "model": "survey.questioncatalog", "fields": {"code": "SystemPredefined", "name": "\u7cfb\u7edf\u9884\u5b9a\u4e49", "parent": null, "createBy": 6, "modifyTime": "2014-07-26T08:29:23", "ord": 0, "createTime": "2014-07-26T08:29:23", "modifyBy": 6}}, {"pk": 1, "model": "survey.questioncatalogquestion", "fields": {"createBy": 6, "modifyBy": 6, "question": 5, "modifyTime": "2014-07-26T08:38:40", "ord": 0, "createTime": "2014-07-26T08:38:40", "questionCatalog": 1}}, {"pk": 2, "model": "survey.questioncatalogquestion", "fields": {"createBy": 6, "modifyBy": 6, "question": 6, "modifyTime": "2014-07-26T08:39:12", "ord": 0, "createTime": "2014-07-26T08:39:12", "questionCatalog": 1}}, {"pk": 3, "model": "survey.branch", "fields": {"createBy": 1, "modifyBy": 1, "text": "\u6dd8\u5b9d", "question": 2, "modifyTime": "2014-10-06T16:36:57.497", "ord": 0, "createTime": "2014-05-21T16:29:40", "nextQuestion": 5}}, {"pk": 4, "model": "survey.branch", "fields": {"createBy": 1, "modifyBy": 1, "text": "\u4eac\u4e1c", "question": 2, "modifyTime": "2014-10-06T16:36:58.622", "ord": 1, "createTime": "2014-05-21T16:31:25", "nextQuestion": 3}}, {"pk": 5, "model": "survey.branch", "fields": {"createBy": 1, "modifyBy": 1, "text": "\u5f53\u5f53", "question": 2, "modifyTime": "2014-10-06T16:36:59.908", "ord": 2, "createTime": "2014-05-21T16:54:23", "nextQuestion": 4}}, {"pk": 7, "model": "survey.branch", "fields": {"createBy": 1, "modifyBy": 1, "text": "\u7269\u54c1\u4e30\u5bcc", "question": 3, "modifyTime": "2014-10-06T16:37:03.772", "ord": 0, "createTime": "2014-05-21T16:54:23", "nextQuestion": 5}}, {"pk": 8, "model": "survey.branch", "fields": {"createBy": 1, "modifyBy": 1, "text": "\u7269\u6d41\u901f\u5ea6", "question": 3, "modifyTime": "2014-10-06T16:37:05.021", "ord": 1, "createTime": "2014-05-21T16:54:23", "nextQuestion": 5}}, {"pk": 9, "model": "survey.branch", "fields": {"createBy": 1, "modifyBy": 1, "text": "\u5728\u7ebf\u5ba2\u670d", "question": 3, "modifyTime": "2014-10-06T16:37:06.478", "ord": 2, "createTime": "2014-05-21T16:54:23", "nextQuestion": 5}}, {"pk": 10, "model": "survey.branch", "fields": {"createBy": 1, "modifyBy": 1, "text": "\u7269\u54c1\u4e30\u5bcc", "question": 4, "modifyTime": "2015-01-04T20:26:23.073", "ord": 0, "createTime": "2014-05-21T16:54:23", "nextQuestion": null}}, {"pk": 11, "model": "survey.branch", "fields": {"createBy": 1, "modifyBy": 1, "text": "\u7269\u6d41\u901f\u5ea6", "question": 4, "modifyTime": "2014-10-06T16:37:09.796", "ord": 1, "createTime": "2014-05-21T16:54:23", "nextQuestion": 5}}, {"pk": 12, "model": "survey.branch", "fields": {"createBy": 1, "modifyBy": 1, "text": "\u5728\u7ebf\u5ba2\u670d", "question": 4, "modifyTime": "2015-01-04T20:26:26.451", "ord": 2, "createTime": "2014-05-21T16:54:23", "nextQuestion": 6}}, {"pk": 13, "model": "survey.branch", "fields": {"createBy": 1, "modifyBy": 1, "text": "\u662f", "question": 1, "modifyTime": "2014-10-06T16:46:31.793", "ord": 0, "createTime": "2014-06-22T21:16:52.771", "nextQuestion": null}}, {"pk": 14, "model": "survey.branch", "fields": {"createBy": 1, "modifyBy": 1, "text": "\u5426", "question": 1, "modifyTime": "2014-10-06T16:46:59.634", "ord": 1, "createTime": "2014-06-22T21:16:54.598", "nextQuestion": 6}}, {"pk": 290, "model": "survey.branch", "fields": {"createBy": 3, "modifyBy": 3, "text": "10", "question": 7, "modifyTime": "2014-08-15T16:17:21", "ord": 0, "createTime": "2014-08-15T16:16:28.281", "nextQuestion": null}}, {"pk": 291, "model": "survey.branch", "fields": {"createBy": 3, "modifyBy": 3, "text": "9", "question": 7, "modifyTime": "2014-08-15T16:17:22.609", "ord": 1, "createTime": "2014-08-15T16:16:28.437", "nextQuestion": null}}, {"pk": 292, "model": "survey.branch", "fields": {"createBy": 3, "modifyBy": 3, "text": "8", "question": 7, "modifyTime": "2014-08-15T16:17:23.968", "ord": 2, "createTime": "2014-08-15T16:16:56.765", "nextQuestion": null}}, {"pk": 293, "model": "survey.branch", "fields": {"createBy": 3, "modifyBy": 3, "text": "7", "question": 7, "modifyTime": "2014-08-15T16:17:25.625", "ord": 3, "createTime": "2014-08-15T16:16:58.625", "nextQuestion": null}}, {"pk": 294, "model": "survey.branch", "fields": {"createBy": 3, "modifyBy": 3, "text": "6", "question": 7, "modifyTime": "2014-08-15T16:17:27.218", "ord": 4, "createTime": "2014-08-15T16:17:00.078", "nextQuestion": null}}, {"pk": 295, "model": "survey.branch", "fields": {"createBy": 3, "modifyBy": 3, "text": "5", "question": 7, "modifyTime": "2014-08-15T16:17:27.843", "ord": 5, "createTime": "2014-08-15T16:17:01.468", "nextQuestion": null}}, {"pk": 296, "model": "survey.branch", "fields": {"createBy": 3, "modifyBy": 3, "text": "4", "question": 7, "modifyTime": "2014-08-15T16:17:29.562", "ord": 6, "createTime": "2014-08-15T16:17:03.734", "nextQuestion": null}}, {"pk": 297, "model": "survey.branch", "fields": {"createBy": 3, "modifyBy": 3, "text": "3", "question": 7, "modifyTime": "2014-08-15T16:17:30.796", "ord": 7, "createTime": "2014-08-15T16:17:09.343", "nextQuestion": null}}, {"pk": 298, "model": "survey.branch", "fields": {"createBy": 3, "modifyBy": 3, "text": "2", "question": 7, "modifyTime": "2014-08-15T16:17:32.312", "ord": 8, "createTime": "2014-08-15T16:17:10.546", "nextQuestion": null}}, {"pk": 299, "model": "survey.branch", "fields": {"createBy": 3, "modifyBy": 3, "text": "1", "question": 7, "modifyTime": "2014-08-15T16:17:33.281", "ord": 9, "createTime": "2014-08-15T16:17:12.359", "nextQuestion": null}}, {"pk": 300, "model": "survey.branch", "fields": {"createBy": 3, "modifyBy": 3, "text": "0", "question": 7, "modifyTime": "2014-08-15T16:17:35.203", "ord": 10, "createTime": "2014-08-15T16:17:14.218", "nextQuestion": null}}, {"pk": 301, "model": "survey.branch", "fields": {"createBy": 3, "modifyBy": 3, "text": "\u662f", "question": 8, "modifyTime": "2014-08-15T16:19:00.484", "ord": 0, "createTime": "2014-08-15T16:18:42.046", "nextQuestion": null}}, {"pk": 302, "model": "survey.branch", "fields": {"createBy": 3, "modifyBy": 3, "text": "\u4e0d\u662f", "question": 8, "modifyTime": "2014-08-15T16:18:58.859", "ord": 1, "createTime": "2014-08-15T16:18:42.187", "nextQuestion": null}}, {"pk": 303, "model": "survey.branch", "fields": {"createBy": 3, "modifyBy": 3, "text": "\u662f", "question": 9, "modifyTime": "2014-08-15T16:19:46.859", "ord": 0, "createTime": "2014-08-15T16:19:16.453", "nextQuestion": null}}, {"pk": 304, "model": "survey.branch", "fields": {"createBy": 3, "modifyBy": 3, "text": "\u4e0d\u662f", "question": 9, "modifyTime": "2014-08-15T16:19:47.718", "ord": 1, "createTime": "2014-08-15T16:19:16.593", "nextQuestion": null}}, {"pk": 305, "model": "survey.branch", "fields": {"createBy": 3, "modifyBy": 3, "text": "\u662f", "question": 10, "modifyTime": "2014-08-15T16:20:54.656", "ord": 0, "createTime": "2014-08-15T16:20:36.968", "nextQuestion": null}}, {"pk": 306, "model": "survey.branch", "fields": {"createBy": 3, "modifyBy": 3, "text": "\u4e0d\u662f", "question": 10, "modifyTime": "2014-08-15T16:20:55.828", "ord": 1, "createTime": "2014-08-15T16:20:37.109", "nextQuestion": null}}, {"pk": 307, "model": "survey.branch", "fields": {"createBy": 3, "modifyBy": 3, "text": "\u662f", "question": 11, "modifyTime": "2014-08-15T16:21:13.375", "ord": 0, "createTime": "2014-08-15T16:20:59.468", "nextQuestion": null}}, {"pk": 308, "model": "survey.branch", "fields": {"createBy": 3, "modifyBy": 3, "text": "\u4e0d\u662f", "question": 11, "modifyTime": "2014-08-15T16:21:17.203", "ord": 1, "createTime": "2014-08-15T16:20:59.640", "nextQuestion": null}}, {"pk": 309, "model": "survey.branch", "fields": {"createBy": 3, "modifyBy": 3, "text": "\u662f", "question": 12, "modifyTime": "2014-08-15T16:22:52.171", "ord": 0, "createTime": "2014-08-15T16:21:20.625", "nextQuestion": null}}, {"pk": 310, "model": "survey.branch", "fields": {"createBy": 3, "modifyBy": 3, "text": "\u4e0d\u662f", "question": 12, "modifyTime": "2014-08-15T16:23:12.734", "ord": 1, "createTime": "2014-08-15T16:21:20.781", "nextQuestion": null}}, {"pk": 311, "model": "survey.branch", "fields": {"createBy": 3, "modifyBy": 3, "text": "\u662f", "question": 13, "modifyTime": "2014-08-15T16:22:53.718", "ord": 0, "createTime": "2014-08-15T16:21:31.359", "nextQuestion": null}}, {"pk": 312, "model": "survey.branch", "fields": {"createBy": 3, "modifyBy": 3, "text": "\u4e0d\u662f", "question": 13, "modifyTime": "2014-08-15T16:23:14.406", "ord": 1, "createTime": "2014-08-15T16:21:31.484", "nextQuestion": null}}, {"pk": 313, "model": "survey.branch", "fields": {"createBy": 3, "modifyBy": 3, "text": "\u662f", "question": 14, "modifyTime": "2014-08-15T16:22:55.093", "ord": 0, "createTime": "2014-08-15T16:21:42.828", "nextQuestion": null}}, {"pk": 314, "model": "survey.branch", "fields": {"createBy": 3, "modifyBy": 3, "text": "\u4e0d\u662f", "question": 14, "modifyTime": "2014-08-15T16:23:15.921", "ord": 1, "createTime": "2014-08-15T16:21:42.968", "nextQuestion": null}}, {"pk": 315, "model": "survey.branch", "fields": {"createBy": 3, "modifyBy": 3, "text": "\u662f", "question": 15, "modifyTime": "2014-08-15T16:22:56.734", "ord": 0, "createTime": "2014-08-15T16:21:53.031", "nextQuestion": null}}, {"pk": 316, "model": "survey.branch", "fields": {"createBy": 3, "modifyBy": 3, "text": "\u4e0d\u662f", "question": 15, "modifyTime": "2014-08-15T16:23:17.515", "ord": 1, "createTime": "2014-08-15T16:21:53.171", "nextQuestion": null}}, {"pk": 317, "model": "survey.branch", "fields": {"createBy": 3, "modifyBy": 3, "text": "\u662f", "question": 16, "modifyTime": "2014-08-15T16:22:59.703", "ord": 0, "createTime": "2014-08-15T16:22:02.203", "nextQuestion": null}}, {"pk": 318, "model": "survey.branch", "fields": {"createBy": 3, "modifyBy": 3, "text": "\u4e0d\u662f", "question": 16, "modifyTime": "2014-08-15T16:23:19.218", "ord": 1, "createTime": "2014-08-15T16:22:02.343", "nextQuestion": null}}, {"pk": 319, "model": "survey.branch", "fields": {"createBy": 3, "modifyBy": 3, "text": "\u662f", "question": 17, "modifyTime": "2014-08-15T16:23:01.250", "ord": 0, "createTime": "2014-08-15T16:22:12.359", "nextQuestion": null}}, {"pk": 320, "model": "survey.branch", "fields": {"createBy": 3, "modifyBy": 3, "text": "\u4e0d\u662f", "question": 17, "modifyTime": "2014-08-15T16:23:21.156", "ord": 1, "createTime": "2014-08-15T16:22:12.500", "nextQuestion": null}}, {"pk": 321, "model": "survey.branch", "fields": {"createBy": 3, "modifyBy": 3, "text": "\u662f", "question": 18, "modifyTime": "2014-08-15T16:23:02.828", "ord": 0, "createTime": "2014-08-15T16:22:22.937", "nextQuestion": null}}, {"pk": 322, "model": "survey.branch", "fields": {"createBy": 3, "modifyBy": 3, "text": "\u4e0d\u662f", "question": 18, "modifyTime": "2014-08-15T16:23:22.625", "ord": 1, "createTime": "2014-08-15T16:22:23.078", "nextQuestion": null}}, {"pk": 323, "model": "survey.branch", "fields": {"createBy": 3, "modifyBy": 3, "text": "\u662f", "question": 19, "modifyTime": "2014-08-15T16:23:09.437", "ord": 0, "createTime": "2014-08-15T16:22:32", "nextQuestion": null}}, {"pk": 324, "model": "survey.branch", "fields": {"createBy": 3, "modifyBy": 3, "text": "\u4e0d\u662f", "question": 19, "modifyTime": "2014-08-15T16:23:44.406", "ord": 1, "createTime": "2014-08-15T16:22:32.125", "nextQuestion": null}}, {"pk": 325, "model": "survey.branch", "fields": {"createBy": 3, "modifyBy": 3, "text": "\u6559\u5b66\u6001\u5ea6\u5f88\u8ba4\u771f\uff0c\u5907\u8bfe\u5145\u5206\uff0c\u80fd\u63d0\u4f9b\u5145\u5206\u7684\u53c2\u8003\u4e66\u76ee\u3002", "question": 20, "modifyTime": "2014-08-15T16:24:25.765", "ord": 0, "createTime": "2014-08-15T16:24:05.984", "nextQuestion": null}}, {"pk": 326, "model": "survey.branch", "fields": {"createBy": 3, "modifyBy": 3, "text": "\u6559\u5b66\u6001\u5ea6\u8f83\u8ba4\u771f\uff0c\u5907\u8bfe\u5145\u5206\uff0c\u80fd\u63d0\u4f9b\u8f83\u5145\u5206\u7684\u53c2\u8003\u4e66\u76ee\u3002", "question": 20, "modifyTime": "2014-08-15T16:24:27.843", "ord": 1, "createTime": "2014-08-15T16:24:06.140", "nextQuestion": null}}, {"pk": 327, "model": "survey.branch", "fields": {"createBy": 3, "modifyBy": 3, "text": "\u6559\u5b66\u6001\u5ea6\u8f83\u8ba4\u771f\uff0c\u5907\u8bfe\u8f83\u5145\u5206\uff0c\u80fd\u63d0\u4f9b\u4e00\u5b9a\u7684\u53c2\u8003\u4e66\u76ee\u3002", "question": 20, "modifyTime": "2014-08-15T16:24:40.406", "ord": 2, "createTime": "2014-08-15T16:24:27.921", "nextQuestion": null}}, {"pk": 328, "model": "survey.branch", "fields": {"createBy": 3, "modifyBy": 3, "text": "\u6559\u5b66\u6001\u5ea6\u4e0d\u8ba4\u771f\uff0c\u4e0a\u8bfe\u65e0\u6559\u5b66\u5927\u7eb2\uff0c\u4e0d\u63d0\u4f9b\u53c2\u8003\u4e66\u76ee\u3002", "question": 20, "modifyTime": "2014-08-15T16:24:41.765", "ord": 3, "createTime": "2014-08-15T16:24:31.312", "nextQuestion": null}}, {"pk": 329, "model": "survey.branch", "fields": {"createBy": 3, "modifyBy": 3, "text": "\u6709\u5f88\u9ad8\u7684\u7406\u8bba\u6c34\u5e73\uff0c\u80fd\u53ca\u65f6\u53cd\u6620\u5b66\u79d1\u524d\u6cbf\u52a8\u6001\u3002", "question": 21, "modifyTime": "2014-08-15T16:25:01.328", "ord": 0, "createTime": "2014-08-15T16:24:45.765", "nextQuestion": null}}, {"pk": 330, "model": "survey.branch", "fields": {"createBy": 3, "modifyBy": 3, "text": "\u6709\u8f83\u9ad8\u7684\u7406\u8bba\u6c34\u5e73\uff0c\u8f83\u53ca\u65f6\u53cd\u6620\u5b66\u79d1\u524d\u6cbf\u52a8\u6001\u3002", "question": 21, "modifyTime": "2014-08-15T16:25:02.812", "ord": 1, "createTime": "2014-08-15T16:24:45.906", "nextQuestion": null}}, {"pk": 331, "model": "survey.branch", "fields": {"createBy": 3, "modifyBy": 3, "text": "\u6709\u8f83\u9ad8\u7684\u7406\u8bba\u6c34\u5e73\uff0c\u4f46\u4e0d\u80fd\u53ca\u65f6\u53cd\u6620\u5b66\u79d1\u524d\u6cbf\u52a8\u6001\u3002", "question": 21, "modifyTime": "2014-08-15T16:25:16.078", "ord": 2, "createTime": "2014-08-15T16:25:02.859", "nextQuestion": null}}, {"pk": 332, "model": "survey.branch", "fields": {"createBy": 3, "modifyBy": 3, "text": "\u7406\u8bba\u6c34\u5e73\u4e00\u822c\uff0c\u4e0d\u80fd\u53cd\u6620\u5b66\u79d1\u524d\u6cbf\u52a8\u6001\u3002", "question": 21, "modifyTime": "2014-08-15T16:25:18.500", "ord": 3, "createTime": "2014-08-15T16:25:06.484", "nextQuestion": null}}, {"pk": 333, "model": "survey.branch", "fields": {"createBy": 3, "modifyBy": 3, "text": "\u65b9\u6cd5\u7075\u6d3b\uff0c\u80fd\u542f\u53d1\u601d\u8003\uff0c\u80fd\u6fc0\u53d1\u5b66\u4e60\u3001\u601d\u8003\u7684\u79ef\u6781\u6027\uff1b\u4e0e\u5b66\u751f\u6709\u8f83\u597d\u7684\u4e92\u52a8\u6027\u3002", "question": 22, "modifyTime": "2014-08-15T16:25:35.468", "ord": 0, "createTime": "2014-08-15T16:25:19.734", "nextQuestion": null}}, {"pk": 334, "model": "survey.branch", "fields": {"createBy": 3, "modifyBy": 3, "text": "\u65b9\u6cd5\u8f83\u7075\u6d3b\uff0c\u80fd\u542f\u53d1\u5f15\u5bfc\uff0c\u4f46\u65b9\u6cd5\u6b20\u7f3a\uff0c\u4e0e\u5b66\u751f\u6709\u4e00\u5b9a\u7684\u4e92\u52a8\u6027\u3002", "question": 22, "modifyTime": "2014-08-15T16:25:38.140", "ord": 1, "createTime": "2014-08-15T16:25:19.937", "nextQuestion": null}}, {"pk": 335, "model": "survey.branch", "fields": {"createBy": 3, "modifyBy": 3, "text": "\u7f3a\u4e4f\u6b63\u786e\u7684\u6559\u5b66\u65b9\u6cd5\uff0c\u8bfe\u5802\u7ec4\u7ec7\u6559\u5b66\u80fd\u529b\u6b20\u4f73\uff0c\u4e0e\u5b66\u751f\u4e92\u52a8\u6027\u8f83\u5dee\u3002", "question": 22, "modifyTime": "2014-08-15T16:25:43.937", "ord": 2, "createTime": "2014-08-15T16:25:38.171", "nextQuestion": null}}, {"pk": 336, "model": "survey.branch", "fields": {"createBy": 3, "modifyBy": 3, "text": "\u65b9\u6cd5\u5446\u677f\uff0c\u5185\u5bb9\u8bb2\u89e3\u4e0d\u6e05\uff0c\u7f3a\u4e4f\u8bfe\u5802\u7ec4\u7ec7\uff0c\u4e0e\u5b66\u751f\u65e0\u4e92\u52a8\u6027\u3002", "question": 22, "modifyTime": "2014-08-15T16:25:51.625", "ord": 3, "createTime": "2014-08-15T16:25:43.984", "nextQuestion": null}}, {"pk": 337, "model": "survey.branch", "fields": {"createBy": 3, "modifyBy": 3, "text": "\u8bed\u8a00\u751f\u52a8\uff0c\u8bb2\u89e3\u719f\u7ec3\uff0c\u91cd\u70b9\u7a81\u51fa\u3002", "question": 23, "modifyTime": "2014-08-15T16:26:04.328", "ord": 0, "createTime": "2014-08-15T16:25:53.359", "nextQuestion": null}}, {"pk": 338, "model": "survey.branch", "fields": {"createBy": 3, "modifyBy": 3, "text": "\u8bed\u8a00\u719f\u7ec3\uff0c\u91cd\u70b9\u7a81\u51fa\uff0c\u4f46\u96be\u70b9\u8bb2\u89e3\u4e0d\u591f\u7a81\u51fa\u3002", "question": 23, "modifyTime": "2014-08-15T16:26:17.921", "ord": 1, "createTime": "2014-08-15T16:25:53.515", "nextQuestion": null}}, {"pk": 339, "model": "survey.branch", "fields": {"createBy": 3, "modifyBy": 3, "text": "\u8bed\u8a00\u5e73\u6de1\uff0c\u91cd\u70b9\u3001\u96be\u70b9\u4e0d\u591f\u660e\u786e\uff0c\u57fa\u672c\u5b8c\u6210\u6559\u5b66\u4efb\u52a1\u3002", "question": 23, "modifyTime": "2014-08-15T16:26:22.265", "ord": 2, "createTime": "2014-08-15T16:26:05.296", "nextQuestion": null}}, {"pk": 340, "model": "survey.branch", "fields": {"createBy": 3, "modifyBy": 3, "text": "\u8bed\u8a00\u5355\u8c03\u4e4f\u5473\uff0c\u6982\u5ff5\u6a21\u7cca\uff0c\u6761\u7406\u4e0d\u6e05\u3002", "question": 23, "modifyTime": "2014-08-15T16:26:24.906", "ord": 3, "createTime": "2014-08-15T16:26:06.203", "nextQuestion": null}}, {"pk": 341, "model": "survey.branch", "fields": {"createBy": 3, "modifyBy": 3, "text": "\u7406\u8bba\u5bc6\u5207\u8054\u7cfb\u5b9e\u9645\uff0c\u6709\u5145\u5206\u7684\u6848\u4f8b\u6559\u5b66\uff0c\u6559\u5b66\u6548\u679c\u5f88\u597d\u3002", "question": 24, "modifyTime": "2014-08-15T16:27:38.953", "ord": 0, "createTime": "2014-08-15T16:26:26.343", "nextQuestion": null}}, {"pk": 342, "model": "survey.branch", "fields": {"createBy": 3, "modifyBy": 3, "text": "\u7406\u8bba\u8f83\u597d\u5730\u8054\u7cfb\u5b9e\u9645\uff0c\u6709\u8f83\u591a\u7684\u6559\u5b66\u6848\u4f8b\uff0c\u6559\u5b66\u6548\u679c\u8f83\u597d\u3002", "question": 24, "modifyTime": "2014-08-15T16:27:44.328", "ord": 1, "createTime": "2014-08-15T16:26:26.484", "nextQuestion": null}}, {"pk": 343, "model": "survey.branch", "fields": {"createBy": 3, "modifyBy": 3, "text": "\u7406\u8bba\u4e00\u5b9a\u7a0b\u5ea6\u5730\u8054\u7cfb\u5b9e\u9645\uff0c\u6709\u4e00\u5b9a\u7684\u6848\u4f8b\u6559\u5b66\uff0c\u6559\u5b66\u6548\u679c\u4e00\u822c\u3002", "question": 24, "modifyTime": "2014-08-15T16:27:50.031", "ord": 2, "createTime": "2014-08-15T16:27:28.812", "nextQuestion": null}}, {"pk": 344, "model": "survey.branch", "fields": {"createBy": 3, "modifyBy": 3, "text": "\u7406\u8bba\u4e0d\u80fd\u8054\u7cfb\u5b9e\u9645\uff0c\u5f88\u5c11\u6216\u6ca1\u6709\u6848\u4f8b\u6559\u5b66\uff0c\u6559\u5b66\u6548\u679c\u4e00\u822c\u3002", "question": 24, "modifyTime": "2014-08-15T16:27:51.890", "ord": 3, "createTime": "2014-08-15T16:27:29.828", "nextQuestion": null}}, {"pk": 345, "model": "survey.branch", "fields": {"createBy": 1, "modifyBy": 1, "text": "\u662f", "question": 25, "modifyTime": "2014-08-18T19:14:22.679", "ord": 0, "createTime": "2014-08-18T19:14:22.679", "nextQuestion": null}}, {"pk": 346, "model": "survey.branch", "fields": {"createBy": 1, "modifyBy": 1, "text": "\u5426", "question": 25, "modifyTime": "2014-08-18T19:14:22.682", "ord": 1, "createTime": "2014-08-18T19:14:22.682", "nextQuestion": 6}}, {"pk": 347, "model": "survey.branch", "fields": {"createBy": 1, "modifyBy": 1, "text": "\u6dd8\u5b9d", "question": 26, "modifyTime": "2014-08-18T19:14:22.688", "ord": 0, "createTime": "2014-08-18T19:14:22.688", "nextQuestion": 5}}, {"pk": 348, "model": "survey.branch", "fields": {"createBy": 1, "modifyBy": 1, "text": "\u4eac\u4e1c", "question": 26, "modifyTime": "2014-08-18T19:14:22.690", "ord": 1, "createTime": "2014-08-18T19:14:22.690", "nextQuestion": 27}}, {"pk": 349, "model": "survey.branch", "fields": {"createBy": 1, "modifyBy": 1, "text": "\u5f53\u5f53", "question": 26, "modifyTime": "2014-08-18T19:14:22.691", "ord": 2, "createTime": "2014-08-18T19:14:22.691", "nextQuestion": 28}}, {"pk": 350, "model": "survey.branch", "fields": {"createBy": 1, "modifyBy": 1, "text": "\u7269\u54c1\u4e30\u5bcc", "question": 27, "modifyTime": "2014-08-18T19:14:22.694", "ord": 0, "createTime": "2014-08-18T19:14:22.694", "nextQuestion": 5}}, {"pk": 351, "model": "survey.branch", "fields": {"createBy": 1, "modifyBy": 1, "text": "\u7269\u6d41\u901f\u5ea6", "question": 27, "modifyTime": "2014-08-18T19:14:22.695", "ord": 1, "createTime": "2014-08-18T19:14:22.695", "nextQuestion": 5}}, {"pk": 352, "model": "survey.branch", "fields": {"createBy": 1, "modifyBy": 1, "text": "\u5728\u7ebf\u5ba2\u670d", "question": 27, "modifyTime": "2014-08-18T19:14:22.696", "ord": 2, "createTime": "2014-08-18T19:14:22.696", "nextQuestion": 5}}, {"pk": 353, "model": "survey.branch", "fields": {"createBy": 1, "modifyBy": 1, "text": "\u7269\u54c1\u4e30\u5bcc", "question": 28, "modifyTime": "2015-01-04T20:25:29.811", "ord": 0, "createTime": "2014-08-18T19:14:22.699", "nextQuestion": 5}}, {"pk": 354, "model": "survey.branch", "fields": {"createBy": 1, "modifyBy": 1, "text": "\u7269\u6d41\u901f\u5ea6", "question": 28, "modifyTime": "2015-01-04T20:25:31.067", "ord": 1, "createTime": "2014-08-18T19:14:22.700", "nextQuestion": 6}}, {"pk": 355, "model": "survey.branch", "fields": {"createBy": 1, "modifyBy": 1, "text": "\u5728\u7ebf\u5ba2\u670d", "question": 28, "modifyTime": "2015-01-04T20:25:32.789", "ord": 2, "createTime": "2014-08-18T19:14:22.701", "nextQuestion": null}}, {"pk": 356, "model": "survey.branch", "fields": {"createBy": 3, "modifyBy": 3, "text": "10", "question": 29, "modifyTime": "2014-08-18T19:14:53.824", "ord": 0, "createTime": "2014-08-18T19:14:53.824", "nextQuestion": null}}, {"pk": 357, "model": "survey.branch", "fields": {"createBy": 3, "modifyBy": 3, "text": "9", "question": 29, "modifyTime": "2014-08-18T19:14:53.828", "ord": 1, "createTime": "2014-08-18T19:14:53.828", "nextQuestion": null}}, {"pk": 358, "model": "survey.branch", "fields": {"createBy": 3, "modifyBy": 3, "text": "8", "question": 29, "modifyTime": "2014-08-18T19:14:53.830", "ord": 2, "createTime": "2014-08-18T19:14:53.830", "nextQuestion": null}}, {"pk": 359, "model": "survey.branch", "fields": {"createBy": 3, "modifyBy": 3, "text": "7", "question": 29, "modifyTime": "2014-08-18T19:14:53.832", "ord": 3, "createTime": "2014-08-18T19:14:53.832", "nextQuestion": null}}, {"pk": 360, "model": "survey.branch", "fields": {"createBy": 3, "modifyBy": 3, "text": "6", "question": 29, "modifyTime": "2014-08-18T19:14:53.833", "ord": 4, "createTime": "2014-08-18T19:14:53.833", "nextQuestion": null}}, {"pk": 361, "model": "survey.branch", "fields": {"createBy": 3, "modifyBy": 3, "text": "5", "question": 29, "modifyTime": "2014-08-18T19:14:53.834", "ord": 5, "createTime": "2014-08-18T19:14:53.834", "nextQuestion": null}}, {"pk": 362, "model": "survey.branch", "fields": {"createBy": 3, "modifyBy": 3, "text": "4", "question": 29, "modifyTime": "2014-08-18T19:14:53.835", "ord": 6, "createTime": "2014-08-18T19:14:53.835", "nextQuestion": null}}, {"pk": 363, "model": "survey.branch", "fields": {"createBy": 3, "modifyBy": 3, "text": "3", "question": 29, "modifyTime": "2014-08-18T19:14:53.836", "ord": 7, "createTime": "2014-08-18T19:14:53.836", "nextQuestion": null}}, {"pk": 364, "model": "survey.branch", "fields": {"createBy": 3, "modifyBy": 3, "text": "2", "question": 29, "modifyTime": "2014-08-18T19:14:53.837", "ord": 8, "createTime": "2014-08-18T19:14:53.837", "nextQuestion": null}}, {"pk": 365, "model": "survey.branch", "fields": {"createBy": 3, "modifyBy": 3, "text": "1", "question": 29, "modifyTime": "2014-08-18T19:14:53.839", "ord": 9, "createTime": "2014-08-18T19:14:53.839", "nextQuestion": null}}, {"pk": 366, "model": "survey.branch", "fields": {"createBy": 3, "modifyBy": 3, "text": "0", "question": 29, "modifyTime": "2014-08-18T19:14:53.840", "ord": 10, "createTime": "2014-08-18T19:14:53.840", "nextQuestion": null}}, {"pk": 367, "model": "survey.branch", "fields": {"createBy": 1, "modifyBy": 1, "text": "\u662f", "question": 30, "modifyTime": "2014-09-01T14:46:35.046", "ord": 0, "createTime": "2014-09-01T14:46:35.046", "nextQuestion": null}}, {"pk": 368, "model": "survey.branch", "fields": {"createBy": 1, "modifyBy": 1, "text": "\u5426", "question": 30, "modifyTime": "2014-09-01T14:46:35.046", "ord": 1, "createTime": "2014-09-01T14:46:35.046", "nextQuestion": 6}}, {"pk": 369, "model": "survey.branch", "fields": {"createBy": 1, "modifyBy": 1, "text": "\u6dd8\u5b9d", "question": 31, "modifyTime": "2014-09-01T14:46:35.062", "ord": 0, "createTime": "2014-09-01T14:46:35.062", "nextQuestion": 5}}, {"pk": 370, "model": "survey.branch", "fields": {"createBy": 1, "modifyBy": 1, "text": "\u4eac\u4e1c", "question": 31, "modifyTime": "2014-09-01T14:46:35.062", "ord": 1, "createTime": "2014-09-01T14:46:35.062", "nextQuestion": 32}}, {"pk": 371, "model": "survey.branch", "fields": {"createBy": 1, "modifyBy": 1, "text": "\u5f53\u5f53", "question": 31, "modifyTime": "2014-09-01T14:46:35.062", "ord": 2, "createTime": "2014-09-01T14:46:35.062", "nextQuestion": 33}}, {"pk": 372, "model": "survey.branch", "fields": {"createBy": 1, "modifyBy": 1, "text": "\u7269\u54c1\u4e30\u5bcc", "question": 32, "modifyTime": "2014-09-01T14:46:35.078", "ord": 0, "createTime": "2014-09-01T14:46:35.078", "nextQuestion": 5}}, {"pk": 373, "model": "survey.branch", "fields": {"createBy": 1, "modifyBy": 1, "text": "\u7269\u6d41\u901f\u5ea6", "question": 32, "modifyTime": "2014-09-01T14:46:35.078", "ord": 1, "createTime": "2014-09-01T14:46:35.078", "nextQuestion": 5}}, {"pk": 374, "model": "survey.branch", "fields": {"createBy": 1, "modifyBy": 1, "text": "\u5728\u7ebf\u5ba2\u670d", "question": 32, "modifyTime": "2014-09-01T14:46:35.078", "ord": 2, "createTime": "2014-09-01T14:46:35.078", "nextQuestion": 5}}, {"pk": 375, "model": "survey.branch", "fields": {"createBy": 1, "modifyBy": 1, "text": "\u7269\u54c1\u4e30\u5bcc", "question": 33, "modifyTime": "2014-09-01T14:46:35.093", "ord": 0, "createTime": "2014-09-01T14:46:35.093", "nextQuestion": 5}}, {"pk": 376, "model": "survey.branch", "fields": {"createBy": 1, "modifyBy": 1, "text": "\u7269\u6d41\u901f\u5ea6", "question": 33, "modifyTime": "2014-09-01T14:46:35.093", "ord": 1, "createTime": "2014-09-01T14:46:35.093", "nextQuestion": 5}}, {"pk": 377, "model": "survey.branch", "fields": {"createBy": 1, "modifyBy": 1, "text": "\u5728\u7ebf\u5ba2\u670d", "question": 33, "modifyTime": "2014-09-01T14:46:35.093", "ord": 2, "createTime": "2014-09-01T14:46:35.093", "nextQuestion": 5}}, {"pk": 378, "model": "survey.branch", "fields": {"createBy": 1, "modifyBy": 1, "text": "\u662f", "question": 34, "modifyTime": "2014-09-13T22:23:44.012", "ord": 0, "createTime": "2014-09-13T22:23:44.012", "nextQuestion": null}}, {"pk": 379, "model": "survey.branch", "fields": {"createBy": 1, "modifyBy": 1, "text": "\u5426", "question": 34, "modifyTime": "2014-09-13T22:23:44.014", "ord": 1, "createTime": "2014-09-13T22:23:44.014", "nextQuestion": 6}}, {"pk": 380, "model": "survey.branch", "fields": {"createBy": 1, "modifyBy": 1, "text": "\u6dd8\u5b9d", "question": 35, "modifyTime": "2014-09-13T22:23:44.017", "ord": 0, "createTime": "2014-09-13T22:23:44.017", "nextQuestion": 5}}, {"pk": 381, "model": "survey.branch", "fields": {"createBy": 1, "modifyBy": 1, "text": "\u4eac\u4e1c", "question": 35, "modifyTime": "2014-09-13T22:23:44.018", "ord": 1, "createTime": "2014-09-13T22:23:44.018", "nextQuestion": 36}}, {"pk": 382, "model": "survey.branch", "fields": {"createBy": 1, "modifyBy": 1, "text": "\u5f53\u5f53", "question": 35, "modifyTime": "2014-09-13T22:23:44.019", "ord": 2, "createTime": "2014-09-13T22:23:44.019", "nextQuestion": 37}}, {"pk": 383, "model": "survey.branch", "fields": {"createBy": 1, "modifyBy": 1, "text": "\u7269\u54c1\u4e30\u5bcc", "question": 36, "modifyTime": "2014-09-13T22:23:44.022", "ord": 0, "createTime": "2014-09-13T22:23:44.022", "nextQuestion": 5}}, {"pk": 384, "model": "survey.branch", "fields": {"createBy": 1, "modifyBy": 1, "text": "\u7269\u6d41\u901f\u5ea6", "question": 36, "modifyTime": "2014-09-13T22:23:44.023", "ord": 1, "createTime": "2014-09-13T22:23:44.023", "nextQuestion": 5}}, {"pk": 385, "model": "survey.branch", "fields": {"createBy": 1, "modifyBy": 1, "text": "\u5728\u7ebf\u5ba2\u670d", "question": 36, "modifyTime": "2014-09-13T22:23:44.024", "ord": 2, "createTime": "2014-09-13T22:23:44.024", "nextQuestion": 5}}, {"pk": 386, "model": "survey.branch", "fields": {"createBy": 1, "modifyBy": 1, "text": "\u7269\u54c1\u4e30\u5bcc", "question": 37, "modifyTime": "2014-09-13T22:23:44.027", "ord": 0, "createTime": "2014-09-13T22:23:44.027", "nextQuestion": 5}}, {"pk": 387, "model": "survey.branch", "fields": {"createBy": 1, "modifyBy": 1, "text": "\u7269\u6d41\u901f\u5ea6", "question": 37, "modifyTime": "2014-09-13T22:23:44.028", "ord": 1, "createTime": "2014-09-13T22:23:44.028", "nextQuestion": 5}}, {"pk": 388, "model": "survey.branch", "fields": {"createBy": 1, "modifyBy": 1, "text": "\u5728\u7ebf\u5ba2\u670d", "question": 37, "modifyTime": "2014-09-13T22:23:44.029", "ord": 2, "createTime": "2014-09-13T22:23:44.029", "nextQuestion": 5}}, {"pk": 389, "model": "survey.branch", "fields": {"createBy": 1, "modifyBy": 1, "text": "\u662f", "question": 38, "modifyTime": "2014-10-06T16:06:10.123", "ord": 0, "createTime": "2014-10-06T16:05:44.551", "nextQuestion": null}}, {"pk": 390, "model": "survey.branch", "fields": {"createBy": 1, "modifyBy": 1, "text": "\u5426", "question": 38, "modifyTime": "2014-10-06T16:08:23.248", "ord": 1, "createTime": "2014-10-06T16:05:44.697", "nextQuestion": 6}}, {"pk": 391, "model": "survey.branch", "fields": {"createBy": 1, "modifyBy": 1, "text": "\u6dd8\u5b9d", "question": 39, "modifyTime": "2014-10-06T16:09:29.537", "ord": 0, "createTime": "2014-10-06T16:05:47.529", "nextQuestion": 5}}, {"pk": 392, "model": "survey.branch", "fields": {"createBy": 1, "modifyBy": 1, "text": "\u4eac\u4e1c", "question": 39, "modifyTime": "2014-10-06T16:09:31.625", "ord": 1, "createTime": "2014-10-06T16:05:47.653", "nextQuestion": 40}}, {"pk": 393, "model": "survey.branch", "fields": {"createBy": 1, "modifyBy": 1, "text": "\u7269\u54c1\u4e30\u5bcc", "question": 40, "modifyTime": "2014-10-06T16:09:49.066", "ord": 0, "createTime": "2014-10-06T16:05:50.398", "nextQuestion": 5}}, {"pk": 394, "model": "survey.branch", "fields": {"createBy": 1, "modifyBy": 1, "text": "\u7269\u6d41\u901f\u5ea6", "question": 40, "modifyTime": "2014-10-06T16:09:50.425", "ord": 1, "createTime": "2014-10-06T16:05:50.531", "nextQuestion": 5}}, {"pk": 395, "model": "survey.branch", "fields": {"createBy": 1, "modifyBy": 1, "text": "\u7269\u54c1\u4e30\u5bcc", "question": 41, "modifyTime": "2015-01-04T20:05:51.912", "ord": 0, "createTime": "2014-10-06T16:05:53.052", "nextQuestion": null}}, {"pk": 396, "model": "survey.branch", "fields": {"createBy": 1, "modifyBy": 1, "text": "\u7269\u6d41\u901f\u5ea6", "question": 41, "modifyTime": "2015-01-04T20:06:36.429", "ord": 1, "createTime": "2014-10-06T16:05:53.174", "nextQuestion": 5}}, {"pk": 397, "model": "survey.branch", "fields": {"createBy": 1, "modifyBy": 1, "text": "\u5f53\u5f53", "question": 39, "modifyTime": "2014-10-06T16:09:33.096", "ord": 2, "createTime": "2014-10-06T16:06:52.853", "nextQuestion": 41}}, {"pk": 398, "model": "survey.branch", "fields": {"createBy": 1, "modifyBy": 1, "text": "\u5728\u7ebf\u5ba2\u670d", "question": 40, "modifyTime": "2014-10-06T16:09:51.727", "ord": 2, "createTime": "2014-10-06T16:07:16.676", "nextQuestion": 5}}, {"pk": 399, "model": "survey.branch", "fields": {"createBy": 1, "modifyBy": 1, "text": "\u5728\u7ebf\u5ba2\u670d", "question": 41, "modifyTime": "2015-01-04T20:06:37.900", "ord": 2, "createTime": "2014-10-06T16:07:55.950", "nextQuestion": 6}}, {"pk": 400, "model": "survey.branch", "fields": {"createBy": 1, "modifyBy": 1, "text": "\u662f", "question": 42, "modifyTime": "2014-10-06T16:13:01.285", "ord": 0, "createTime": "2014-10-06T16:13:01.285", "nextQuestion": null}}, {"pk": 401, "model": "survey.branch", "fields": {"createBy": 1, "modifyBy": 1, "text": "\u5426", "question": 42, "modifyTime": "2014-10-06T16:13:01.287", "ord": 1, "createTime": "2014-10-06T16:13:01.287", "nextQuestion": 6}}, {"pk": 402, "model": "survey.branch", "fields": {"createBy": 1, "modifyBy": 1, "text": "\u6dd8\u5b9d", "question": 43, "modifyTime": "2014-10-06T16:13:01.291", "ord": 0, "createTime": "2014-10-06T16:13:01.291", "nextQuestion": 5}}, {"pk": 403, "model": "survey.branch", "fields": {"createBy": 1, "modifyBy": 1, "text": "\u4eac\u4e1c", "question": 43, "modifyTime": "2014-10-06T16:13:01.292", "ord": 1, "createTime": "2014-10-06T16:13:01.292", "nextQuestion": 44}}, {"pk": 404, "model": "survey.branch", "fields": {"createBy": 1, "modifyBy": 1, "text": "\u5f53\u5f53", "question": 43, "modifyTime": "2014-10-06T16:13:01.293", "ord": 2, "createTime": "2014-10-06T16:13:01.293", "nextQuestion": 45}}, {"pk": 405, "model": "survey.branch", "fields": {"createBy": 1, "modifyBy": 1, "text": "\u7269\u54c1\u4e30\u5bcc", "question": 44, "modifyTime": "2014-10-06T16:13:01.297", "ord": 0, "createTime": "2014-10-06T16:13:01.297", "nextQuestion": 5}}, {"pk": 406, "model": "survey.branch", "fields": {"createBy": 1, "modifyBy": 1, "text": "\u7269\u6d41\u901f\u5ea6", "question": 44, "modifyTime": "2014-10-06T16:13:01.298", "ord": 1, "createTime": "2014-10-06T16:13:01.298", "nextQuestion": 5}}, {"pk": 407, "model": "survey.branch", "fields": {"createBy": 1, "modifyBy": 1, "text": "\u5728\u7ebf\u5ba2\u670d", "question": 44, "modifyTime": "2014-10-06T16:13:01.299", "ord": 2, "createTime": "2014-10-06T16:13:01.299", "nextQuestion": 5}}, {"pk": 408, "model": "survey.branch", "fields": {"createBy": 1, "modifyBy": 1, "text": "\u7269\u54c1\u4e30\u5bcc", "question": 45, "modifyTime": "2015-01-04T20:27:33.458", "ord": 0, "createTime": "2014-10-06T16:13:01.303", "nextQuestion": null}}, {"pk": 409, "model": "survey.branch", "fields": {"createBy": 1, "modifyBy": 1, "text": "\u7269\u6d41\u901f\u5ea6", "question": 45, "modifyTime": "2014-10-06T16:13:01.304", "ord": 1, "createTime": "2014-10-06T16:13:01.304", "nextQuestion": 5}}, {"pk": 410, "model": "survey.branch", "fields": {"createBy": 1, "modifyBy": 1, "text": "\u5728\u7ebf\u5ba2\u670d", "question": 45, "modifyTime": "2015-01-04T20:27:37.552", "ord": 2, "createTime": "2014-10-06T16:13:01.306", "nextQuestion": 6}}, {"pk": 411, "model": "survey.branch", "fields": {"createBy": 1, "modifyBy": 1, "text": "\u662f", "question": 46, "modifyTime": "2014-10-06T16:13:15.787", "ord": 0, "createTime": "2014-10-06T16:13:15.787", "nextQuestion": null}}, {"pk": 412, "model": "survey.branch", "fields": {"createBy": 1, "modifyBy": 1, "text": "\u5426", "question": 46, "modifyTime": "2014-10-06T16:13:15.789", "ord": 1, "createTime": "2014-10-06T16:13:15.789", "nextQuestion": 6}}, {"pk": 413, "model": "survey.branch", "fields": {"createBy": 1, "modifyBy": 1, "text": "\u6dd8\u5b9d", "question": 47, "modifyTime": "2014-10-06T16:13:15.793", "ord": 0, "createTime": "2014-10-06T16:13:15.793", "nextQuestion": 5}}, {"pk": 414, "model": "survey.branch", "fields": {"createBy": 1, "modifyBy": 1, "text": "\u4eac\u4e1c", "question": 47, "modifyTime": "2014-10-06T16:13:15.795", "ord": 1, "createTime": "2014-10-06T16:13:15.795", "nextQuestion": 48}}, {"pk": 415, "model": "survey.branch", "fields": {"createBy": 1, "modifyBy": 1, "text": "\u5f53\u5f53", "question": 47, "modifyTime": "2014-10-06T16:13:15.796", "ord": 2, "createTime": "2014-10-06T16:13:15.796", "nextQuestion": 49}}, {"pk": 416, "model": "survey.branch", "fields": {"createBy": 1, "modifyBy": 1, "text": "\u7269\u54c1\u4e30\u5bcc", "question": 48, "modifyTime": "2014-10-06T16:13:15.799", "ord": 0, "createTime": "2014-10-06T16:13:15.799", "nextQuestion": 5}}, {"pk": 417, "model": "survey.branch", "fields": {"createBy": 1, "modifyBy": 1, "text": "\u7269\u6d41\u901f\u5ea6", "question": 48, "modifyTime": "2014-10-06T16:13:15.801", "ord": 1, "createTime": "2014-10-06T16:13:15.801", "nextQuestion": 5}}, {"pk": 418, "model": "survey.branch", "fields": {"createBy": 1, "modifyBy": 1, "text": "\u5728\u7ebf\u5ba2\u670d", "question": 48, "modifyTime": "2014-10-06T16:13:15.802", "ord": 2, "createTime": "2014-10-06T16:13:15.802", "nextQuestion": 5}}, {"pk": 419, "model": "survey.branch", "fields": {"createBy": 1, "modifyBy": 1, "text": "\u7269\u54c1\u4e30\u5bcc", "question": 49, "modifyTime": "2015-01-04T20:28:00.924", "ord": 0, "createTime": "2014-10-06T16:13:15.806", "nextQuestion": null}}, {"pk": 420, "model": "survey.branch", "fields": {"createBy": 1, "modifyBy": 1, "text": "\u7269\u6d41\u901f\u5ea6", "question": 49, "modifyTime": "2014-10-06T16:13:15.808", "ord": 1, "createTime": "2014-10-06T16:13:15.807", "nextQuestion": 5}}, {"pk": 421, "model": "survey.branch", "fields": {"createBy": 1, "modifyBy": 1, "text": "\u5728\u7ebf\u5ba2\u670d", "question": 49, "modifyTime": "2015-01-04T20:28:04.818", "ord": 2, "createTime": "2014-10-06T16:13:15.809", "nextQuestion": 6}}, {"pk": 422, "model": "survey.branch", "fields": {"createBy": 1, "modifyBy": 1, "text": "\u9009\u98791", "question": 50, "modifyTime": "2015-02-23T10:09:00.605", "ord": 0, "createTime": "2015-02-23T10:09:00.605", "nextQuestion": null}}, {"pk": 423, "model": "survey.branch", "fields": {"createBy": 1, "modifyBy": 1, "text": "\u9009\u98792", "question": 50, "modifyTime": "2015-02-23T10:09:00.806", "ord": 1, "createTime": "2015-02-23T10:09:00.806", "nextQuestion": null}}, {"pk": 424, "model": "survey.branch", "fields": {"createBy": 1, "modifyBy": 1, "text": "\u9009\u98791", "question": 51, "modifyTime": "2015-02-23T10:09:04.802", "ord": 0, "createTime": "2015-02-23T10:09:04.802", "nextQuestion": null}}, {"pk": 425, "model": "survey.branch", "fields": {"createBy": 1, "modifyBy": 1, "text": "\u9009\u98792", "question": 51, "modifyTime": "2015-02-23T10:09:04.982", "ord": 1, "createTime": "2015-02-23T10:09:04.982", "nextQuestion": null}}, {"pk": 426, "model": "survey.branch", "fields": {"createBy": 1, "modifyBy": 1, "text": "\u9009\u98793", "question": 51, "modifyTime": "2015-02-23T10:09:05.172", "ord": 2, "createTime": "2015-02-23T10:09:05.172", "nextQuestion": null}}, {"pk": 427, "model": "survey.branch", "fields": {"createBy": 1, "modifyBy": 1, "text": "\u9009\u98794", "question": 51, "modifyTime": "2015-02-23T10:09:05.353", "ord": 3, "createTime": "2015-02-23T10:09:05.353", "nextQuestion": null}}, {"pk": 428, "model": "survey.branch", "fields": {"createBy": 1, "modifyBy": 1, "text": "\u9009\u98791", "question": 54, "modifyTime": "2015-02-23T10:10:18.380", "ord": 0, "createTime": "2015-02-23T10:10:18.380", "nextQuestion": null}}, {"pk": 429, "model": "survey.branch", "fields": {"createBy": 1, "modifyBy": 1, "text": "\u9009\u98792", "question": 54, "modifyTime": "2015-02-23T10:10:18.383", "ord": 1, "createTime": "2015-02-23T10:10:18.383", "nextQuestion": null}}, {"pk": 430, "model": "survey.branch", "fields": {"createBy": 1, "modifyBy": 1, "text": "\u9009\u98791", "question": 55, "modifyTime": "2015-02-23T10:10:18.386", "ord": 0, "createTime": "2015-02-23T10:10:18.386", "nextQuestion": null}}, {"pk": 431, "model": "survey.branch", "fields": {"createBy": 1, "modifyBy": 1, "text": "\u9009\u98792", "question": 55, "modifyTime": "2015-02-23T10:10:18.387", "ord": 1, "createTime": "2015-02-23T10:10:18.387", "nextQuestion": null}}, {"pk": 432, "model": "survey.branch", "fields": {"createBy": 1, "modifyBy": 1, "text": "\u9009\u98793", "question": 55, "modifyTime": "2015-02-23T10:10:18.388", "ord": 2, "createTime": "2015-02-23T10:10:18.388", "nextQuestion": null}}, {"pk": 433, "model": "survey.branch", "fields": {"createBy": 1, "modifyBy": 1, "text": "\u9009\u98794", "question": 55, "modifyTime": "2015-02-23T10:10:18.389", "ord": 3, "createTime": "2015-02-23T10:10:18.389", "nextQuestion": null}}, {"pk": 434, "model": "survey.branch", "fields": {"createBy": 1, "modifyBy": 1, "text": "\u9009\u98791", "question": 58, "modifyTime": "2015-02-24T17:25:31.443", "ord": 0, "createTime": "2015-02-24T17:25:31.443", "nextQuestion": null}}, {"pk": 435, "model": "survey.branch", "fields": {"createBy": 1, "modifyBy": 1, "text": "\u9009\u98792", "question": 58, "modifyTime": "2015-02-24T17:25:31.444", "ord": 1, "createTime": "2015-02-24T17:25:31.444", "nextQuestion": null}}, {"pk": 436, "model": "survey.branch", "fields": {"createBy": 1, "modifyBy": 1, "text": "\u9009\u98791", "question": 59, "modifyTime": "2015-02-24T17:25:31.447", "ord": 0, "createTime": "2015-02-24T17:25:31.447", "nextQuestion": null}}, {"pk": 437, "model": "survey.branch", "fields": {"createBy": 1, "modifyBy": 1, "text": "\u9009\u98792", "question": 59, "modifyTime": "2015-02-24T17:25:31.448", "ord": 1, "createTime": "2015-02-24T17:25:31.448", "nextQuestion": null}}, {"pk": 438, "model": "survey.branch", "fields": {"createBy": 1, "modifyBy": 1, "text": "\u9009\u98793", "question": 59, "modifyTime": "2015-02-24T17:25:31.449", "ord": 2, "createTime": "2015-02-24T17:25:31.449", "nextQuestion": null}}, {"pk": 439, "model": "survey.branch", "fields": {"createBy": 1, "modifyBy": 1, "text": "\u9009\u98794", "question": 59, "modifyTime": "2015-02-24T17:25:31.450", "ord": 3, "createTime": "2015-02-24T17:25:31.450", "nextQuestion": null}}, {"pk": 1, "model": "survey.survey", "fields": {"custList": null, "code": "survey-targetless-01", "viewResult": true, "paused": false, "paper": 5, "validSampleLimit": 0, "fee": 0.0, "modifyBy": 1, "ipLimit": 5, "hardCost": 0.0, "pay": true, "state": "A", "macLimit": 5, "resubmit": true, "modifyTime": "2015-09-01T10:54:38.563", "shared": true, "targetOnly": false, "bonus": 0.0, "lastSmsSendTime": null, "createBy": 1, "anonymous": false, "password": "", "createTime": "2014-08-18T19:14:22", "publishTime": "2014-08-18T19:14:22", "endTime": "2020-01-01T00:00:00"}}, {"pk": 2, "model": "survey.survey", "fields": {"custList": null, "code": null, "viewResult": true, "paused": false, "paper": 6, "validSampleLimit": 0, "fee": 0.0, "modifyBy": 3, "ipLimit": 5, "hardCost": 0.0, "pay": true, "state": "A", "macLimit": 5, "resubmit": true, "modifyTime": "2014-08-18T19:14:53.845", "shared": true, "targetOnly": false, "bonus": 0.0, "lastSmsSendTime": null, "createBy": 3, "anonymous": false, "password": "", "createTime": "2014-08-18T19:14:53.845", "publishTime": "2014-08-18T19:14:53.845", "endTime": "2015-08-18T19:14:53.845"}}, {"pk": 3, "model": "survey.survey", "fields": {"custList": 1, "code": "survey-target-01", "viewResult": true, "paused": false, "paper": 7, "validSampleLimit": 0, "fee": 0.0, "modifyBy": 1, "ipLimit": 5, "hardCost": 0.0, "pay": true, "state": "A", "macLimit": 5, "resubmit": true, "modifyTime": "2015-09-01T10:54:10.397", "shared": true, "targetOnly": false, "bonus": 0.0, "lastSmsSendTime": null, "createBy": 1, "anonymous": false, "password": "", "createTime": "2014-09-01T14:46:35", "publishTime": "2014-09-01T14:46:35", "endTime": "2020-01-01T00:00:00"}}, {"pk": 4, "model": "survey.survey", "fields": {"custList": null, "code": "", "viewResult": true, "paused": false, "paper": 8, "validSampleLimit": 0, "fee": 0.0, "modifyBy": 1, "ipLimit": 5, "hardCost": 0.0, "pay": true, "state": "P", "macLimit": 5, "resubmit": true, "modifyTime": "2014-09-13T22:23:44", "shared": true, "targetOnly": false, "bonus": 0.0, "lastSmsSendTime": null, "createBy": 1, "anonymous": false, "password": "", "createTime": "2014-09-13T22:23:44", "publishTime": "2014-09-13T22:23:44", "endTime": "2015-09-13T22:23:44"}}, {"pk": 5, "model": "survey.survey", "fields": {"custList": null, "code": "survey-targetless-step-01", "viewResult": true, "paused": false, "paper": 10, "validSampleLimit": 0, "fee": 0.0, "modifyBy": 1, "ipLimit": 5, "hardCost": 0.0, "pay": true, "state": "A", "macLimit": 5, "resubmit": true, "modifyTime": "2015-09-01T10:53:43.958", "shared": true, "targetOnly": false, "bonus": 0.0, "lastSmsSendTime": null, "createBy": 1, "anonymous": false, "password": "", "createTime": "2014-10-06T16:13:01", "publishTime": "2014-10-06T16:13:01", "endTime": "2020-01-01T00:00:00"}}, {"pk": 6, "model": "survey.survey", "fields": {"custList": 1, "code": "survey-target-step-01", "viewResult": true, "paused": false, "paper": 11, "validSampleLimit": 0, "fee": 0.0, "modifyBy": 1, "ipLimit": 5, "hardCost": 0.0, "pay": true, "state": "A", "macLimit": 5, "resubmit": true, "modifyTime": "2015-09-01T10:52:56.645", "shared": true, "targetOnly": false, "bonus": 0.0, "lastSmsSendTime": null, "createBy": 1, "anonymous": false, "password": "", "createTime": "2014-10-06T16:13:15", "publishTime": "2014-10-06T16:13:15", "endTime": "2020-01-01T00:00:00"}}, {"pk": 7, "model": "survey.survey", "fields": {"custList": null, "code": "survey-question-type-test-bulk", "viewResult": true, "paused": false, "paper": 13, "validSampleLimit": 0, "fee": 0.0, "modifyBy": 1, "ipLimit": 5, "hardCost": 0.0, "pay": true, "state": "A", "macLimit": 5, "resubmit": true, "modifyTime": "2015-09-01T10:52:29.155", "shared": true, "targetOnly": false, "bonus": 0.0, "lastSmsSendTime": null, "createBy": 1, "anonymous": false, "password": "", "createTime": "2015-02-23T10:10:18", "publishTime": "2015-02-23T10:10:18", "endTime": "2020-01-01T00:00:00"}}, {"pk": 8, "model": "survey.survey", "fields": {"custList": null, "code": "survey-question-type-test-step", "viewResult": true, "paused": false, "paper": 14, "validSampleLimit": 0, "fee": 0.0, "modifyBy": 1, "ipLimit": 5, "hardCost": 0.0, "pay": true, "state": "A", "macLimit": 5, "resubmit": true, "modifyTime": "2015-09-01T10:51:58.439", "shared": true, "targetOnly": false, "bonus": 0.0, "lastSmsSendTime": null, "createBy": 1, "anonymous": false, "password": "", "createTime": "2015-02-24T17:25:31", "publishTime": "2015-02-24T17:25:31", "endTime": "2020-01-01T00:00:00"}}, {"pk": 1, "model": "survey.custlist", "fields": {"createBy": 1, "modifyBy": 1, "descrition": "", "modifyTime": "2014-08-23T19:15:18.029", "createTime": "2014-08-23T18:28:06.608", "name": "2013\u5e74\u53d1\u5c55\u7684\u5ba2\u6237"}}, {"pk": 2, "model": "survey.custlist", "fields": {"createBy": 3, "modifyBy": 3, "descrition": "", "modifyTime": "2014-08-23T18:28:38.162", "createTime": "2014-08-23T18:28:38.162", "name": "EMBA\u540c\u5b66\u540d\u5355"}}, {"pk": 1, "model": "survey.custlistitem", "fields": {"custList": 1, "createBy": 1, "name": "\u5f20\u6f5c", "defineInfo_set": [], "createTime": "2014-08-23T19:23:53", "phone": "18905928875", "modifyTime": "2014-08-23T19:23:53", "email": "wwqian_5@163.com", "modifyBy": 1}}, {"pk": 2, "model": "survey.custlistitem", "fields": {"custList": 1, "createBy": 1, "name": "\u675c\u6db5", "defineInfo_set": [], "createTime": "2014-08-23T19:27:32", "phone": "18906021980", "modifyTime": "2014-08-23T19:27:32", "email": "duhan@189.cn", "modifyBy": 1}}, {"pk": 5, "model": "survey.custlistitem", "fields": {"custList": 2, "createBy": 3, "name": "\u5f20\u5efa\u534e", "defineInfo_set": [], "createTime": "2014-08-24T12:43:49.389", "phone": "18906027099", "modifyTime": "2014-08-24T12:43:49.389", "email": "18906027099@189.cn", "modifyBy": 3}}, {"pk": 1, "model": "account.user", "fields": {"code": "duhan", "name": "\u675c\u6db5", "birthDate": "1980-11-01T10:12:58", "createTime": "2014-05-21T10:13:09", "phone": "18906021980", "createBy": null, "modifyTime": "2014-05-21T10:13:10", "password": "pbkdf2_sha256$10000$DZRb49gb7NHA$jTRwaDlUzWurzMEC+SP8YmELuikBj/BQ6uw9HYiES2g=", "email": "duhan@189.cn", "modifyBy": null}}, {"pk": 3, "model": "account.user", "fields": {"code": "zhangjianhua", "name": "\u5f20\u5efa\u534e", "birthDate": null, "createTime": "2014-06-18T16:32:09", "phone": "18906027099", "createBy": null, "modifyTime": "2014-06-18T16:32:09", "password": "pbkdf2_sha256$12000$hMUtGWS5hb4G$OsqUWpuYVTrI97FcP/a+Y30U5ULDED8+jFgI1sjP7zs=", "email": "", "modifyBy": null}}, {"pk": 4, "model": "account.user", "fields": {"code": "zhangqian", "name": "\u5f20\u6f5c1", "birthDate": null, "createTime": "2014-07-08T19:52:07", "phone": "18959208875", "createBy": null, "modifyTime": "2014-07-08T19:52:07", "password": "pbkdf2_sha256$12000$HzbOG1Lsbcat$tMYC+Rz9pUu7KuMRrrNbESwdtU7mwAiHkRDnP4FFCUA=", "email": "", "modifyBy": null}}, {"pk": 6, "model": "account.user", "fields": {"code": "admin", "name": "\u7ba1\u7406\u5458", "birthDate": "2014-07-26T08:20:16", "createTime": "2014-07-26T08:19:34", "phone": "0000", "createBy": null, "modifyTime": "2014-07-26T08:19:34", "password": "", "email": "", "modifyBy": null}}, {"pk": 7, "model": "account.user", "fields": {"code": "anonymous", "name": "\u533f\u540d\u7528\u6237", "birthDate": null, "createTime": "2014-08-21T16:55:43", "phone": "0000", "createBy": null, "modifyTime": "2014-08-21T16:55:43", "password": "", "email": "anonymous@anonymous.com", "modifyBy": null}}, {"pk": 1, "model": "auth.permission", "fields": {"codename": "add_logentry", "name": "Can add log entry", "content_type": 1}}, {"pk": 2, "model": "auth.permission", "fields": {"codename": "change_logentry", "name": "Can change log entry", "content_type": 1}}, {"pk": 3, "model": "auth.permission", "fields": {"codename": "delete_logentry", "name": "Can delete log entry", "content_type": 1}}, {"pk": 4, "model": "auth.permission", "fields": {"codename": "add_permission", "name": "Can add permission", "content_type": 2}}, {"pk": 5, "model": "auth.permission", "fields": {"codename": "change_permission", "name": "Can change permission", "content_type": 2}}, {"pk": 6, "model": "auth.permission", "fields": {"codename": "delete_permission", "name": "Can delete permission", "content_type": 2}}, {"pk": 7, "model": "auth.permission", "fields": {"codename": "add_group", "name": "Can add group", "content_type": 3}}, {"pk": 8, "model": "auth.permission", "fields": {"codename": "change_group", "name": "Can change group", "content_type": 3}}, {"pk": 9, "model": "auth.permission", "fields": {"codename": "delete_group", "name": "Can delete group", "content_type": 3}}, {"pk": 10, "model": "auth.permission", "fields": {"codename": "add_user", "name": "Can add user", "content_type": 4}}, {"pk": 11, "model": "auth.permission", "fields": {"codename": "change_user", "name": "Can change user", "content_type": 4}}, {"pk": 12, "model": "auth.permission", "fields": {"codename": "delete_user", "name": "Can delete user", "content_type": 4}}, {"pk": 13, "model": "auth.permission", "fields": {"codename": "add_contenttype", "name": "Can add content type", "content_type": 5}}, {"pk": 14, "model": "auth.permission", "fields": {"codename": "change_contenttype", "name": "Can change content type", "content_type": 5}}, {"pk": 15, "model": "auth.permission", "fields": {"codename": "delete_contenttype", "name": "Can delete content type", "content_type": 5}}, {"pk": 16, "model": "auth.permission", "fields": {"codename": "add_session", "name": "Can add session", "content_type": 6}}, {"pk": 17, "model": "auth.permission", "fields": {"codename": "change_session", "name": "Can change session", "content_type": 6}}, {"pk": 18, "model": "auth.permission", "fields": {"codename": "delete_session", "name": "Can delete session", "content_type": 6}}, {"pk": 19, "model": "auth.permission", "fields": {"codename": "add_migrationhistory", "name": "Can add migration history", "content_type": 7}}, {"pk": 20, "model": "auth.permission", "fields": {"codename": "change_migrationhistory", "name": "Can change migration history", "content_type": 7}}, {"pk": 21, "model": "auth.permission", "fields": {"codename": "delete_migrationhistory", "name": "Can delete migration history", "content_type": 7}}, {"pk": 22, "model": "auth.permission", "fields": {"codename": "add_paper", "name": "Can add \u95ee\u5377", "content_type": 8}}, {"pk": 23, "model": "auth.permission", "fields": {"codename": "change_paper", "name": "Can change \u95ee\u5377", "content_type": 8}}, {"pk": 24, "model": "auth.permission", "fields": {"codename": "delete_paper", "name": "Can delete \u95ee\u5377", "content_type": 8}}, {"pk": 25, "model": "auth.permission", "fields": {"codename": "add_catalog", "name": "Can add \u76ee\u5f55", "content_type": 9}}, {"pk": 26, "model": "auth.permission", "fields": {"codename": "change_catalog", "name": "Can change \u76ee\u5f55", "content_type": 9}}, {"pk": 27, "model": "auth.permission", "fields": {"codename": "delete_catalog", "name": "Can delete \u76ee\u5f55", "content_type": 9}}, {"pk": 28, "model": "auth.permission", "fields": {"codename": "add_catalogpaper", "name": "Can add \u76ee\u5f55-\u95ee\u5377", "content_type": 10}}, {"pk": 29, "model": "auth.permission", "fields": {"codename": "change_catalogpaper", "name": "Can change \u76ee\u5f55-\u95ee\u5377", "content_type": 10}}, {"pk": 30, "model": "auth.permission", "fields": {"codename": "delete_catalogpaper", "name": "Can delete \u76ee\u5f55-\u95ee\u5377", "content_type": 10}}, {"pk": 31, "model": "auth.permission", "fields": {"codename": "add_questiontype", "name": "Can add \u95ee\u9898\u7c7b\u578b", "content_type": 11}}, {"pk": 32, "model": "auth.permission", "fields": {"codename": "change_questiontype", "name": "Can change \u95ee\u9898\u7c7b\u578b", "content_type": 11}}, {"pk": 33, "model": "auth.permission", "fields": {"codename": "delete_questiontype", "name": "Can delete \u95ee\u9898\u7c7b\u578b", "content_type": 11}}, {"pk": 34, "model": "auth.permission", "fields": {"codename": "add_question", "name": "Can add \u95ee\u9898", "content_type": 12}}, {"pk": 35, "model": "auth.permission", "fields": {"codename": "change_question", "name": "Can change \u95ee\u9898", "content_type": 12}}, {"pk": 36, "model": "auth.permission", "fields": {"codename": "delete_question", "name": "Can delete \u95ee\u9898", "content_type": 12}}, {"pk": 37, "model": "auth.permission", "fields": {"codename": "add_choicetype", "name": "Can add \u9009\u9879\u7c7b\u578b", "content_type": 13}}, {"pk": 38, "model": "auth.permission", "fields": {"codename": "change_choicetype", "name": "Can change \u9009\u9879\u7c7b\u578b", "content_type": 13}}, {"pk": 39, "model": "auth.permission", "fields": {"codename": "delete_choicetype", "name": "Can delete \u9009\u9879\u7c7b\u578b", "content_type": 13}}, {"pk": 40, "model": "auth.permission", "fields": {"codename": "add_choice", "name": "Can add \u9009\u9879", "content_type": 14}}, {"pk": 41, "model": "auth.permission", "fields": {"codename": "change_choice", "name": "Can change \u9009\u9879", "content_type": 14}}, {"pk": 42, "model": "auth.permission", "fields": {"codename": "delete_choice", "name": "Can delete \u9009\u9879", "content_type": 14}}, {"pk": 43, "model": "auth.permission", "fields": {"codename": "add_user", "name": "Can add \u7528\u6237", "content_type": 15}}, {"pk": 44, "model": "auth.permission", "fields": {"codename": "change_user", "name": "Can change \u7528\u6237", "content_type": 15}}, {"pk": 45, "model": "auth.permission", "fields": {"codename": "delete_user", "name": "Can delete \u7528\u6237", "content_type": 15}}, {"pk": 46, "model": "auth.permission", "fields": {"codename": "add_userpaper", "name": "Can add \u7528\u6237-\u95ee\u5377", "content_type": 16}}, {"pk": 47, "model": "auth.permission", "fields": {"codename": "change_userpaper", "name": "Can change \u7528\u6237-\u95ee\u5377", "content_type": 16}}, {"pk": 48, "model": "auth.permission", "fields": {"codename": "delete_userpaper", "name": "Can delete \u7528\u6237-\u95ee\u5377", "content_type": 16}}, {"pk": 49, "model": "auth.permission", "fields": {"codename": "add_userquestion", "name": "Can add \u7528\u6237-\u95ee\u9898", "content_type": 17}}, {"pk": 50, "model": "auth.permission", "fields": {"codename": "change_userquestion", "name": "Can change \u7528\u6237-\u95ee\u9898", "content_type": 17}}, {"pk": 51, "model": "auth.permission", "fields": {"codename": "delete_userquestion", "name": "Can delete \u7528\u6237-\u95ee\u9898", "content_type": 17}}, {"pk": 52, "model": "auth.permission", "fields": {"codename": "add_userchoice", "name": "Can add \u7528\u6237-\u9009\u9879", "content_type": 18}}, {"pk": 53, "model": "auth.permission", "fields": {"codename": "change_userchoice", "name": "Can change \u7528\u6237-\u9009\u9879", "content_type": 18}}, {"pk": 54, "model": "auth.permission", "fields": {"codename": "delete_userchoice", "name": "Can delete \u7528\u6237-\u9009\u9879", "content_type": 18}}, {"pk": 55, "model": "auth.permission", "fields": {"codename": "add_paper", "name": "Can add \u95ee\u5377", "content_type": 19}}, {"pk": 56, "model": "auth.permission", "fields": {"codename": "change_paper", "name": "Can change \u95ee\u5377", "content_type": 19}}, {"pk": 57, "model": "auth.permission", "fields": {"codename": "delete_paper", "name": "Can delete \u95ee\u5377", "content_type": 19}}, {"pk": 58, "model": "auth.permission", "fields": {"codename": "add_papercatalog", "name": "Can add \u95ee\u5377\u76ee\u5f55", "content_type": 20}}, {"pk": 59, "model": "auth.permission", "fields": {"codename": "change_papercatalog", "name": "Can change \u95ee\u5377\u76ee\u5f55", "content_type": 20}}, {"pk": 60, "model": "auth.permission", "fields": {"codename": "delete_papercatalog", "name": "Can delete \u95ee\u5377\u76ee\u5f55", "content_type": 20}}, {"pk": 61, "model": "auth.permission", "fields": {"codename": "add_papercatalogpaper", "name": "Can add \u95ee\u5377\u76ee\u5f55-\u95ee\u5377", "content_type": 21}}, {"pk": 62, "model": "auth.permission", "fields": {"codename": "change_papercatalogpaper", "name": "Can change \u95ee\u5377\u76ee\u5f55-\u95ee\u5377", "content_type": 21}}, {"pk": 63, "model": "auth.permission", "fields": {"codename": "delete_papercatalogpaper", "name": "Can delete \u95ee\u5377\u76ee\u5f55-\u95ee\u5377", "content_type": 21}}, {"pk": 64, "model": "auth.permission", "fields": {"codename": "add_question", "name": "Can add \u95ee\u9898", "content_type": 22}}, {"pk": 65, "model": "auth.permission", "fields": {"codename": "change_question", "name": "Can change \u95ee\u9898", "content_type": 22}}, {"pk": 66, "model": "auth.permission", "fields": {"codename": "delete_question", "name": "Can delete \u95ee\u9898", "content_type": 22}}, {"pk": 67, "model": "auth.permission", "fields": {"codename": "add_questioncatalog", "name": "Can add \u95ee\u9898\u76ee\u5f55", "content_type": 23}}, {"pk": 68, "model": "auth.permission", "fields": {"codename": "change_questioncatalog", "name": "Can change \u95ee\u9898\u76ee\u5f55", "content_type": 23}}, {"pk": 69, "model": "auth.permission", "fields": {"codename": "delete_questioncatalog", "name": "Can delete \u95ee\u9898\u76ee\u5f55", "content_type": 23}}, {"pk": 70, "model": "auth.permission", "fields": {"codename": "add_questioncatalogquestion", "name": "Can add \u95ee\u9898\u76ee\u5f55-\u95ee\u9898", "content_type": 24}}, {"pk": 71, "model": "auth.permission", "fields": {"codename": "change_questioncatalogquestion", "name": "Can change \u95ee\u9898\u76ee\u5f55-\u95ee\u9898", "content_type": 24}}, {"pk": 72, "model": "auth.permission", "fields": {"codename": "delete_questioncatalogquestion", "name": "Can delete \u95ee\u9898\u76ee\u5f55-\u95ee\u9898", "content_type": 24}}, {"pk": 73, "model": "auth.permission", "fields": {"codename": "add_resource", "name": "Can add \u8d44\u6e90", "content_type": 25}}, {"pk": 74, "model": "auth.permission", "fields": {"codename": "change_resource", "name": "Can change \u8d44\u6e90", "content_type": 25}}, {"pk": 75, "model": "auth.permission", "fields": {"codename": "delete_resource", "name": "Can delete \u8d44\u6e90", "content_type": 25}}, {"pk": 76, "model": "auth.permission", "fields": {"codename": "add_branch", "name": "Can add \u9898\u652f", "content_type": 26}}, {"pk": 77, "model": "auth.permission", "fields": {"codename": "change_branch", "name": "Can change \u9898\u652f", "content_type": 26}}, {"pk": 78, "model": "auth.permission", "fields": {"codename": "delete_branch", "name": "Can delete \u9898\u652f", "content_type": 26}}, {"pk": 79, "model": "auth.permission", "fields": {"codename": "add_survey", "name": "Can add \u8c03\u67e5", "content_type": 27}}, {"pk": 80, "model": "auth.permission", "fields": {"codename": "change_survey", "name": "Can change \u8c03\u67e5", "content_type": 27}}, {"pk": 81, "model": "auth.permission", "fields": {"codename": "delete_survey", "name": "Can delete \u8c03\u67e5", "content_type": 27}}, {"pk": 82, "model": "auth.permission", "fields": {"codename": "add_targetcust", "name": "Can add \u76ee\u6807\u5ba2\u6237", "content_type": 28}}, {"pk": 83, "model": "auth.permission", "fields": {"codename": "change_targetcust", "name": "Can change \u76ee\u6807\u5ba2\u6237", "content_type": 28}}, {"pk": 84, "model": "auth.permission", "fields": {"codename": "delete_targetcust", "name": "Can delete \u76ee\u6807\u5ba2\u6237", "content_type": 28}}, {"pk": 85, "model": "auth.permission", "fields": {"codename": "add_sample", "name": "Can add \u6837\u672c", "content_type": 29}}, {"pk": 86, "model": "auth.permission", "fields": {"codename": "change_sample", "name": "Can change \u6837\u672c", "content_type": 29}}, {"pk": 87, "model": "auth.permission", "fields": {"codename": "delete_sample", "name": "Can delete \u6837\u672c", "content_type": 29}}, {"pk": 88, "model": "auth.permission", "fields": {"codename": "add_sampleitem", "name": "Can add \u6837\u672c\u9879", "content_type": 30}}, {"pk": 89, "model": "auth.permission", "fields": {"codename": "change_sampleitem", "name": "Can change \u6837\u672c\u9879", "content_type": 30}}, {"pk": 90, "model": "auth.permission", "fields": {"codename": "delete_sampleitem", "name": "Can delete \u6837\u672c\u9879", "content_type": 30}}, {"pk": 91, "model": "auth.permission", "fields": {"codename": "add_custlist", "name": "Can add \u5ba2\u6237\u6e05\u5355", "content_type": 31}}, {"pk": 92, "model": "auth.permission", "fields": {"codename": "change_custlist", "name": "Can change \u5ba2\u6237\u6e05\u5355", "content_type": 31}}, {"pk": 93, "model": "auth.permission", "fields": {"codename": "delete_custlist", "name": "Can delete \u5ba2\u6237\u6e05\u5355", "content_type": 31}}, {"pk": 94, "model": "auth.permission", "fields": {"codename": "add_custlistitem", "name": "Can add \u5ba2\u6237\u6e05\u5355\u9879", "content_type": 32}}, {"pk": 95, "model": "auth.permission", "fields": {"codename": "change_custlistitem", "name": "Can change \u5ba2\u6237\u6e05\u5355\u9879", "content_type": 32}}, {"pk": 96, "model": "auth.permission", "fields": {"codename": "delete_custlistitem", "name": "Can delete \u5ba2\u6237\u6e05\u5355\u9879", "content_type": 32}}, {"pk": 97, "model": "auth.permission", "fields": {"codename": "add_defineinfo", "name": "Can add \u81ea\u5b9a\u4e49\u4fe1\u606f", "content_type": 33}}, {"pk": 98, "model": "auth.permission", "fields": {"codename": "change_defineinfo", "name": "Can change \u81ea\u5b9a\u4e49\u4fe1\u606f", "content_type": 33}}, {"pk": 99, "model": "auth.permission", "fields": {"codename": "delete_defineinfo", "name": "Can delete \u81ea\u5b9a\u4e49\u4fe1\u606f", "content_type": 33}}, {"pk": 100, "model": "auth.permission", "fields": {"codename": "add_user", "name": "Can add \u7528\u6237", "content_type": 34}}, {"pk": 101, "model": "auth.permission", "fields": {"codename": "change_user", "name": "Can change \u7528\u6237", "content_type": 34}}, {"pk": 102, "model": "auth.permission", "fields": {"codename": "delete_user", "name": "Can delete \u7528\u6237", "content_type": 34}}, {"pk": 103, "model": "auth.permission", "fields": {"codename": "add_smscheckcode", "name": "Can add \u77ed\u4fe1\u9a8c\u8bc1\u7801", "content_type": 35}}, {"pk": 104, "model": "auth.permission", "fields": {"codename": "change_smscheckcode", "name": "Can change \u77ed\u4fe1\u9a8c\u8bc1\u7801", "content_type": 35}}, {"pk": 105, "model": "auth.permission", "fields": {"codename": "delete_smscheckcode", "name": "Can delete \u77ed\u4fe1\u9a8c\u8bc1\u7801", "content_type": 35}}, {"pk": 1, "model": "auth.user", "fields": {"username": "admin", "first_name": "", "last_name": "", "is_active": true, "is_superuser": true, "is_staff": true, "last_login": "2015-08-31T15:44:31.012", "groups": [], "user_permissions": [], "password": "pbkdf2_sha256$12000$vwblZcgKqLcB$2kAKRVHIV835wFc7m410kBZ5lUY0XDouViH8akV1fuQ=", "email": "duhan@189.cn", "date_joined": "2015-08-31T15:44:31.012"}}]